region_code,region,closed_small_avg_before,closed_small_avg_after,closed_diff,closed_pct_change,closed_after_ci,closed_before_ci,closed_diff_ci,zero_in_diff_ci,new_micro_avg_after,K_after,K_after_ci,share_of_closures_pct
77,Moscow,80.71428571428571,122.3076923076923,41.5934065934066,51.53165418652146,"[100.7, 148.6]","[66.0, 96.9]","[14.4, 72.2]",False,16237.846153846154,131.69369931378665,"[96.3, 182.0]",20.022667170381563
78,Saint Petersburg,38.0,56.53846153846154,18.53846153846154,48.78542510121457,"[50.2, 63.8]","[31.7, 45.6]","[8.8, 28.3]",False,6281.307692307692,109.18449197860963,"[84.6, 148.0]",9.255761239138648
50,Moscow Oblast,23.0,36.15384615384615,13.153846153846153,57.190635451505024,"[30.5, 42.5]","[19.1, 27.3]","[6.0, 20.6]",False,9296.538461538461,250.24430641821945,"[185.4, 341.5]",5.918650044075053
66,Sverdlovsk Oblast,13.285714285714286,21.53846153846154,8.252747252747254,62.117452440033084,"[17.6, 26.8]","[8.7, 19.1]","[0.9, 15.3]",False,3620.6923076923076,160.68941979522182,"[125.8, 212.9]",3.5260042815766277
23,Krasnodar Krai,14.285714285714286,21.307692307692307,7.02197802197802,49.153846153846146,"[18.5, 24.5]","[11.0, 17.4]","[2.7, 11.5]",False,6401.076923076923,286.9896551724138,"[227.9, 375.2]",3.4882256642740206
54,Novosibirsk Oblast,9.428571428571429,15.538461538461538,6.1098901098901095,64.80186480186481,"[12.0, 19.2]","[7.4, 11.7]","[1.9, 10.3]",False,2769.5384615384614,167.52093023255813,"[123.7, 243.6]",2.543760231708853
16,Republic of Tatarstan,8.142857142857142,14.384615384615385,6.241758241758243,76.65317139001351,"[12.0, 17.2]","[5.6, 11.7]","[2.0, 10.2]",False,3200.923076923077,208.125,"[167.2, 261.0]",2.354867145195819
74,Chelyabinsk Oblast,8.0,13.846153846153847,5.846153846153847,73.07692307692308,"[10.6, 17.2]","[5.7, 10.3]","[1.9, 9.9]",False,2614.0,176.13989637305698,"[140.2, 228.6]",2.2667170381564037
61,Rostov Oblast,8.857142857142858,13.692307692307692,4.835164835164834,54.59057071960296,"[10.9, 16.8]","[6.3, 11.4]","[1.0, 8.8]",False,3319.6923076923076,226.01570680628274,"[174.3, 300.2]",2.2415312932879985
52,Nizhny Novgorod Oblast,6.0,12.461538461538462,6.461538461538462,107.69230769230771,"[8.6, 17.8]","[5.1, 6.9]","[2.6, 11.8]",False,2283.846153846154,169.73142857142858,"[121.4, 243.7]",2.040045334340763
63,Samara Oblast,7.428571428571429,11.846153846153847,4.417582417582418,59.46745562130178,"[10.2, 13.7]","[6.0, 8.9]","[2.2, 6.7]",False,2434.3846153846152,189.58083832335328,"[168.4, 214.0]",1.9393023548671455
36,Voronezh Oblast,7.142857142857143,11.615384615384615,4.472527472527472,62.615384615384606,"[8.8, 14.7]","[5.6, 8.7]","[1.3, 8.0]",False,1525.4615384615386,121.00000000000001,"[96.0, 155.2]",1.9015237375645382
02,Republic of Bashkortostan,7.428571428571429,11.307692307692308,3.8791208791208796,52.21893491124261,"[9.3, 13.2]","[5.3, 9.6]","[1.0, 6.7]",False,3498.3846153846152,284.325,"[212.7, 410.1]",1.8511522478277298
25,Primorsky Krai,5.714285714285714,9.76923076923077,4.054945054945056,70.96153846153848,"[8.1, 11.5]","[4.3, 6.9]","[2.0, 6.2]",False,1672.6923076923076,155.41428571428568,"[111.7, 231.2]",1.599294799143685
18,Udmurt Republic,5.285714285714286,8.846153846153847,3.560439560439561,67.35966735966737,"[6.1, 12.1]","[3.3, 7.6]","[0.0, 7.4]",False,1430.076923076923,145.34375,"[102.5, 218.4]",1.4481803299332578
72,Tyumen Oblast,4.285714285714286,8.307692307692308,4.021978021978023,93.84615384615387,"[6.8, 10.1]","[2.7, 6.4]","[1.4, 6.5]",False,1488.7692307692307,160.05785123966942,"[130.0, 201.9]",1.3600302228938421
26,Stavropol Krai,4.714285714285714,7.846153846153846,3.1318681318681314,66.43356643356641,"[6.1, 9.6]","[2.9, 6.3]","[0.7, 5.8]",False,2639.4615384615386,298.4869565217391,"[184.2, 527.9]",1.2844729882886283
47,Leningrad Oblast,2.5714285714285716,7.769230769230769,5.197802197802197,202.13675213675214,"[6.5, 9.1]","[1.3, 4.1]","[3.2, 7.2]",False,1850.923076923077,211.18421052631578,"[169.6, 267.1]",1.2718801158544264
24,Krasnoyarsk Krai,5.571428571428571,7.461538461538462,1.8901098901098905,33.925049309664715,"[6.2, 8.7]","[3.4, 7.9]","[-0.7, 4.3]",True,2219.846153846154,262.46363636363634,"[213.6, 351.2]",1.2215086261176173
55,Omsk Oblast,4.571428571428571,7.384615384615385,2.813186813186814,61.53846153846156,"[5.8, 9.3]","[3.6, 5.6]","[0.8, 4.9]",False,1338.2307692307693,159.72477064220183,"[116.7, 225.2]",1.2089157536834152
08,Republic of Kalmykia,1.7142857142857142,7.230769230769231,5.516483516483516,321.7948717948718,"[5.2, 9.5]","[0.7, 2.9]","[3.1, 8.0]",False,531.6153846153846,64.71028037383178,"[47.1, 92.2]",1.1837300088150107
22,Altai Krai,5.571428571428571,6.923076923076923,1.3516483516483522,24.26035502958581,"[5.2, 8.6]","[3.6, 7.7]","[-1.4, 4.0]",True,1588.8461538461538,200.66019417475727,"[163.4, 251.1]",1.1333585190782018
64,Saratov Oblast,3.4285714285714284,6.615384615384615,3.1868131868131866,92.94871794871796,"[4.9, 8.3]","[1.9, 5.1]","[0.8, 5.5]",False,1521.923076923077,199.97979797979798,"[151.5, 286.4]",1.0829870293413928
38,Irkutsk Oblast,4.857142857142857,6.384615384615385,1.5274725274725283,31.447963800905,"[4.7, 8.2]","[3.4, 6.3]","[-0.6, 3.8]",True,1805.8461538461538,244.67708333333331,"[178.9, 356.0]",1.0452084120387861
58,Penza Oblast,4.571428571428571,6.3076923076923075,1.7362637362637363,37.980769230769226,"[4.3, 8.5]","[2.7, 6.7]","[-1.2, 4.6]",True,757.3846153846154,103.77894736842106,"[74.8, 148.0]",1.0326155396045837
59,Perm Krai,4.428571428571429,6.230769230769231,1.802197802197802,40.694789081885844,"[4.4, 8.2]","[3.7, 5.1]","[-0.3, 3.9]",True,2013.1538461538462,278.5531914893617,"[198.3, 413.9]",1.0200226671703816
42,Kemerovo Oblast,4.571428571428571,6.153846153846154,1.582417582417583,34.61538461538463,"[5.1, 7.3]","[3.9, 5.4]","[0.3, 2.9]",False,1570.3846153846155,219.65591397849462,"[169.6, 298.8]",1.0074297947361794
20,Chechen Republic,3.857142857142857,4.846153846153846,0.9890109890109886,25.64102564102564,"[3.6, 6.2]","[1.9, 6.0]","[-1.6, 3.4]",True,1176.076923076923,201.34210526315792,"[157.0, 269.4]",0.7933509633547412
73,Ulyanovsk Oblast,2.7142857142857144,4.846153846153846,2.1318681318681314,78.54251012145748,"[3.2, 6.5]","[1.7, 3.7]","[0.2, 4.0]",False,1045.8461538461538,179.06578947368422,"[120.2, 291.0]",0.7933509633547412
71,Tula Oblast,3.5714285714285716,4.615384615384615,1.0439560439560434,29.230769230769216,"[3.6, 5.6]","[2.9, 4.3]","[-0.2, 2.4]",True,952.2307692307693,169.75342465753428,"[144.7, 197.2]",0.7555723460521344
39,Kaliningrad Oblast,3.142857142857143,4.538461538461538,1.3956043956043955,44.40559440559439,"[3.4, 5.6]","[2.0, 4.4]","[-0.3, 3.0]",True,907.6923076923077,164.06944444444446,"[132.1, 209.2]",0.7429794736179323
27,Khabarovsk Krai,3.4285714285714284,4.461538461538462,1.0329670329670333,30.12820512820513,"[3.5, 5.5]","[2.4, 4.6]","[-0.5, 2.5]",True,1008.6153846153846,184.85915492957747,"[136.4, 254.1]",0.73038660118373
56,Orenburg Oblast,2.5714285714285716,4.3076923076923075,1.7362637362637359,67.52136752136751,"[3.5, 5.2]","[1.9, 3.4]","[0.5, 3.0]",False,1355.3076923076924,255.536231884058,"[210.2, 311.3]",0.7052008563153255
91,Republic of Crimea,2.142857142857143,4.3076923076923075,2.1648351648351647,101.02564102564102,"[2.8, 6.2]","[1.3, 3.0]","[0.5, 4.2]",False,1596.076923076923,300.8985507246377,"[208.8, 446.3]",0.7052008563153255
35,Vologda Oblast,2.2857142857142856,4.153846153846154,1.8681318681318686,81.73076923076925,"[2.6, 5.8]","[1.7, 3.0]","[0.2, 3.7]",False,753.4615384615385,146.38805970149252,"[105.9, 206.1]",0.6800151114469211
31,Belgorod Oblast,2.857142857142857,4.0,1.1428571428571428,39.99999999999999,"[2.9, 5.1]","[1.6, 4.1]","[-0.5, 2.9]",True,1081.2307692307693,216.44615384615386,"[171.9, 290.6]",0.6548293665785165
44,Kostroma Oblast,2.142857142857143,3.8461538461538463,1.7032967032967035,79.48717948717949,"[2.5, 5.3]","[0.9, 3.6]","[-0.2, 3.6]",True,348.84615384615387,72.19047619047619,"[58.5, 96.2]",0.6296436217101121
40,Kaluga Oblast,3.0,3.8461538461538463,0.8461538461538463,28.205128205128215,"[2.4, 5.8]","[2.0, 4.0]","[-0.9, 3.1]",True,876.5384615384615,181.07936507936506,"[125.2, 258.0]",0.6296436217101121
37,Ivanovo Oblast,1.5714285714285714,3.8461538461538463,2.2747252747252746,144.75524475524475,"[3.1, 4.5]","[0.7, 2.6]","[1.0, 3.5]",False,707.7692307692307,146.25396825396822,"[117.9, 185.9]",0.6296436217101121
43,Kirov Oblast,2.142857142857143,3.769230769230769,1.6263736263736264,75.8974358974359,"[2.5, 5.0]","[1.1, 3.1]","[-0.1, 3.3]",True,799.9230769230769,167.93548387096774,"[131.2, 224.5]",0.6170507492759099
69,Tver Oblast,1.2857142857142858,3.6923076923076925,2.406593406593407,187.17948717948718,"[2.8, 4.5]","[0.7, 1.7]","[1.4, 3.4]",False,831.7692307692307,177.47540983606555,"[140.8, 230.4]",0.6044578768417076
05,Republic of Dagestan,1.2857142857142858,3.5384615384615383,2.2527472527472527,175.21367521367517,"[2.5, 4.5]","[0.6, 1.9]","[1.0, 3.5]",False,2697.6923076923076,594.6271186440678,"[470.0, 787.8]",0.5792721319733031
76,Yaroslavl Oblast,3.142857142857143,3.4615384615384617,0.3186813186813189,10.139860139860147,"[2.2, 5.0]","[2.1, 4.3]","[-1.4, 2.2]",True,946.3846153846154,212.3448275862069,"[149.6, 333.3]",0.5666792595391009
68,Tambov Oblast,1.8571428571428572,3.4615384615384617,1.6043956043956045,86.3905325443787,"[2.4, 4.6]","[1.3, 2.6]","[0.2, 2.9]",False,545.2307692307693,122.43103448275863,"[83.4, 190.0]",0.5666792595391009
33,Vladimir Oblast,2.142857142857143,3.3846153846153846,1.2417582417582418,57.94871794871794,"[2.4, 4.5]","[1.0, 3.4]","[-0.4, 2.9]",True,967.9230769230769,220.98245614035085,"[163.0, 292.9]",0.5540863871048987
86,Khanty-Mansi Autonomous Okrug - Yugra,2.2857142857142856,3.3846153846153846,1.098901098901099,48.07692307692308,"[2.5, 4.3]","[1.3, 3.1]","[-0.2, 2.5]",True,1506.8461538461538,343.8947368421052,"[233.0, 511.5]",0.5540863871048987
34,Volgograd Oblast,4.0,3.3076923076923075,-0.6923076923076925,-17.307692307692314,"[2.0, 4.7]","[2.9, 5.0]","[-2.4, 1.0]",True,1521.6153846153845,353.4642857142857,"[270.9, 495.3]",0.5414935146706964
67,Smolensk Oblast,1.1428571428571428,3.230769230769231,2.087912087912088,182.6923076923077,"[2.2, 4.5]","[0.6, 1.7]","[0.8, 3.5]",False,687.2307692307693,162.6727272727273,"[128.0, 214.4]",0.5289006422364941
75,Zabaykalsky Krai,2.7142857142857144,3.1538461538461537,0.43956043956043933,16.194331983805665,"[2.2, 4.2]","[1.4, 4.0]","[-1.2, 2.2]",True,687.9230769230769,165.85185185185188,"[123.5, 231.7]",0.5163077698022919
32,Bryansk Oblast,1.2857142857142858,3.1538461538461537,1.868131868131868,145.29914529914527,"[2.2, 4.1]","[0.6, 2.0]","[0.7, 3.1]",False,653.6153846153846,157.5925925925926,"[122.8, 207.6]",0.5163077698022919
30,Astrakhan Oblast,0.8571428571428571,3.1538461538461537,2.2967032967032965,267.94871794871796,"[2.2, 4.1]","[0.1, 1.7]","[1.0, 3.5]",False,661.3846153846154,159.462962962963,"[130.4, 203.7]",0.5163077698022919
48,Lipetsk Oblast,2.5714285714285716,2.8461538461538463,0.27472527472527464,10.68376068376069,"[1.6, 4.4]","[1.4, 4.0]","[-1.5, 2.1]",True,884.1538461538462,230.14000000000001,"[138.7, 403.6]",0.465936280065483
46,Kursk Oblast,1.2857142857142858,2.769230769230769,1.4835164835164834,115.38461538461537,"[2.1, 3.5]","[0.7, 2.0]","[0.5, 2.5]",False,620.6153846153846,164.9183673469388,"[119.4, 237.4]",0.45334340763128067
03,Republic of Buryatia,1.5714285714285714,2.769230769230769,1.1978021978021978,76.22377622377623,"[1.9, 3.8]","[0.9, 2.3]","[0.1, 2.4]",False,684.0,181.73469387755102,"[142.5, 238.4]",0.45334340763128067
62,Ryazan Oblast,1.8571428571428572,2.769230769230769,0.912087912087912,49.11242603550294,"[2.1, 3.5]","[0.9, 3.1]","[-0.5, 2.2]",True,716.3846153846154,190.32653061224488,"[138.6, 262.3]",0.45334340763128067
21,Chuvash Republic,1.7142857142857142,2.769230769230769,1.054945054945055,61.53846153846154,"[1.5, 4.1]","[1.3, 2.3]","[-0.3, 2.5]",True,1003.2307692307693,266.42857142857144,"[198.7, 387.8]",0.45334340763128067
28,Amur Oblast,2.5714285714285716,2.6153846153846154,0.0439560439560438,1.7094017094017033,"[1.5, 4.0]","[1.0, 4.9]","[-2.5, 2.2]",True,511.15384615384613,141.6595744680851,"[107.1, 198.6]",0.4281576627628762
51,Murmansk Oblast,1.8571428571428572,2.4615384615384617,0.6043956043956045,32.54437869822486,"[1.8, 3.1]","[1.6, 2.0]","[-0.0, 1.3]",True,445.7692307692308,129.06666666666666,"[96.4, 177.5]",0.40297191789447173
45,Kurgan Oblast,1.1428571428571428,2.4615384615384617,1.3186813186813189,115.38461538461542,"[1.6, 3.4]","[0.4, 1.9]","[0.2, 2.5]",False,467.15384615384613,135.24444444444444,"[99.8, 204.1]",0.40297191789447173
65,Sakhalin Oblast,1.1428571428571428,2.3846153846153846,1.2417582417582418,108.65384615384616,"[0.8, 4.9]","[0.7, 1.6]","[-0.4, 3.8]",True,452.0,133.8409090909091,"[71.7, 278.5]",0.39037904546026947
70,Tomsk Oblast,1.0,2.1538461538461537,1.1538461538461537,115.38461538461537,"[1.3, 3.1]","[0.6, 1.4]","[0.2, 2.1]",False,805.9230769230769,255.85365853658536,"[167.4, 417.8]",0.35260042815766274
29,Arkhangelsk Oblast,2.2857142857142856,2.1538461538461537,-0.13186813186813184,-5.769230769230771,"[1.2, 3.2]","[1.4, 3.3]","[-1.5, 1.2]",True,662.5384615384615,210.39024390243904,"[139.0, 348.3]",0.35260042815766274
13,Republic of Mordovia,1.2857142857142858,2.076923076923077,0.7912087912087913,61.53846153846154,"[1.2, 2.9]","[0.6, 2.0]","[-0.3, 1.9]",True,383.9230769230769,125.1,"[91.5, 180.7]",0.34000755572346053
01,Republic of Adygea,1.2857142857142858,2.0,0.7142857142857142,55.555555555555536,"[1.2, 3.0]","[0.4, 2.1]","[-0.5, 2.0]",True,390.7692307692308,130.5897435897436,"[100.2, 180.5]",0.32741468328925827
14,Republic of Sakha (Yakutia),1.7142857142857142,2.0,0.2857142857142858,16.666666666666675,"[1.4, 2.8]","[0.7, 2.7]","[-0.9, 1.6]",True,904.1538461538462,301.71794871794873,"[231.1, 401.5]",0.32741468328925827
57,Oryol Oblast,1.2857142857142858,1.9230769230769231,0.6373626373626373,49.572649572649574,"[1.3, 2.7]","[0.4, 2.3]","[-0.5, 1.8]",True,387.0769230769231,132.76315789473685,"[112.8, 163.9]",0.31482181085505606
19,Republic of Khakassia,0.7142857142857143,1.8461538461538463,1.1318681318681318,158.46153846153848,"[1.1, 2.7]","[0.3, 1.3]","[0.2, 2.1]",False,356.61538461538464,125.64864864864866,"[94.7, 172.6]",0.3022289384208538
11,Republic of Komi,0.7142857142857143,1.5384615384615385,0.8241758241758242,115.38461538461537,"[0.9, 2.3]","[0.3, 1.3]","[0.0, 1.7]",False,478.46153846153845,188.87878787878788,"[137.9, 275.6]",0.25185744868404486
49,Magadan Oblast,0.2857142857142857,1.4615384615384615,1.1758241758241756,411.5384615384615,"[0.7, 2.3]","[0.0, 0.6]","[0.3, 2.0]",False,161.23076923076923,65.90625,"[39.1, 106.4]",0.23926457624984257
12,Republic of Mari El,0.5714285714285714,1.3846153846153846,0.8131868131868132,142.30769230769232,"[0.7, 2.1]","[0.1, 1.1]","[-0.1, 1.7]",True,501.61538461538464,210.7741935483871,"[165.0, 279.7]",0.22667170381564034
10,Republic of Karelia,1.0,1.3076923076923077,0.3076923076923077,30.76923076923077,"[0.6, 2.2]","[0.4, 1.6]","[-0.6, 1.3]",True,401.6923076923077,174.5,"[127.4, 241.8]",0.2140788313814381
92,Sevastopol,0.5714285714285714,1.3076923076923077,0.7362637362637363,128.84615384615387,"[0.7, 1.9]","[0.1, 1.1]","[-0.1, 1.6]",True,398.7692307692308,173.23333333333335,"[110.0, 291.5]",0.2140788313814381
60,Pskov Oblast,0.8571428571428571,1.0769230769230769,0.21978021978021978,25.64102564102564,"[0.5, 1.6]","[0.3, 1.4]","[-0.6, 1.0]",True,316.53846153846155,152.8888888888889,"[118.0, 206.5]",0.17630021407883137
15,Republic of North Ossetia-Alania,0.0,0.8461538461538461,0.8461538461538461,,"[0.2, 1.7]","[0.0, 0.0]","[0.2, 1.7]",False,617.3846153846154,334.9583333333333,"[235.6, 484.8]",0.13852159677622466
53,Novgorod Oblast,0.8571428571428571,0.8461538461538461,-0.01098901098901095,-1.2820512820512775,"[0.3, 1.5]","[0.3, 1.4]","[-0.9, 0.9]",True,415.9230769230769,225.83333333333331,"[145.7, 357.5]",0.13852159677622466
04,Republic of Altai,0.2857142857142857,0.8461538461538461,0.5604395604395604,196.15384615384616,"[0.5, 1.2]","[0.0, 0.6]","[0.0, 1.0]",False,195.23076923076923,106.29166666666666,"[90.0, 131.3]",0.13852159677622466
41,Kamchatka Krai,0.42857142857142855,0.7692307692307693,0.3406593406593407,79.48717948717952,"[0.4, 1.2]","[0.0, 1.0]","[-0.4, 0.9]",True,290.61538461538464,164.82608695652175,"[117.4, 243.4]",0.12592872434202243
09,Karachay-Cherkess Republic,0.2857142857142857,0.6923076923076923,0.4065934065934066,142.30769230769232,"[0.1, 1.5]","[0.0, 0.6]","[-0.3, 1.3]",True,428.3076923076923,253.6818181818182,"[166.9, 390.6]",0.11333585190782017
89,Yamalo-Nenets Autonomous Okrug,0.2857142857142857,0.6923076923076923,0.4065934065934066,142.30769230769232,"[0.3, 1.1]","[0.0, 0.9]","[-0.3, 1.0]",True,425.61538461538464,252.09090909090912,"[187.0, 362.3]",0.11333585190782017
07,Kabardino-Balkar Republic,0.42857142857142855,0.5384615384615384,0.10989010989010989,25.64102564102564,"[0.2, 1.0]","[0.0, 1.0]","[-0.6, 0.8]",True,663.1538461538462,431.70000000000005,"[340.5, 558.6]",0.08815010703941568
83,Nenets Autonomous Okrug,0.0,0.5384615384615384,0.5384615384615384,,"[0.1, 1.1]","[0.0, 0.0]","[0.1, 1.1]",False,30.23076923076923,20.3,"[14.8, 28.9]",0.08815010703941568
17,Republic of Tuva,0.14285714285714285,0.38461538461538464,0.2417582417582418,169.23076923076925,"[0.1, 0.8]","[0.0, 0.4]","[-0.2, 0.7]",True,365.6923076923077,264.8333333333333,"[178.1, 411.6]",0.06296436217101122
79,Jewish Autonomous Oblast,0.5714285714285714,0.38461538461538464,-0.18681318681318676,-32.692307692307686,"[0.1, 0.8]","[0.1, 1.1]","[-0.8, 0.4]",True,69.61538461538461,51.0,"[37.5, 68.9]",0.06296436217101122
87,Chukotka Autonomous Okrug,0.14285714285714285,0.15384615384615385,0.010989010989011005,7.692307692307709,"[0.0, 0.5]","[0.0, 0.4]","[-0.4, 0.5]",True,32.53846153846154,29.06666666666667,"[22.0, 37.3]",0.025185744868404483
06,Republic of Ingushetia,0.14285714285714285,0.0,-0.14285714285714285,-100.0,"[0.0, 0.0]","[0.0, 0.4]","[-0.4, 0.0]",True,248.3846153846154,249.3846153846154,"[231.5, 271.2]",0.0
