okved,okved_name,closed_small_avg_before,closed_small_avg_after,new_micro_avg_before,new_micro_avg_after,K_before,K_after,K_after_ci,K_before_ci,K_ratio,K_ratio_ci,ratio_includes_one
85,Education,0.2857142857142857,0.8461538461538461,1711.7142857142858,1924.5384615384614,1332.1111111111113,1042.9999999999998,"[810.4, 1451.8]","[971.3, 1822.9]",0.7829677204103759,"[0.5, 1.2]",True
49,Land transport and pipeline transport,11.428571428571429,13.307692307692308,9314.714285714286,11560.692307692309,749.5402298850574,808.0752688172043,"[594.9, 1094.7]","[646.6, 870.3]",1.078094592655985,"[0.8, 1.5]",True
96,Other personal service activities,2.2857142857142856,4.923076923076923,3737.0,4482.692307692308,1137.6521739130435,756.9870129870129,"[547.5, 1025.8]","[778.7, 1702.8]",0.6653940724108116,"[0.4, 1.1]",True
74,"Other professional, scientific and technical activities",0.42857142857142855,1.4615384615384615,1244.7142857142858,1697.3846153846155,872.0,689.96875,"[550.0, 918.2]","[669.9, 1140.9]",0.7912485665137615,"[0.5, 1.2]",True
95,"Repair of computers, personal and household goods",0.42857142857142855,0.7692307692307693,862.4285714285714,1014.6923076923077,604.4,574.0869565217391,"[390.5, 886.1]","[469.6, 826.5]",0.9498460564555579,"[0.6, 1.6]",True
63,Information service activities,2.7142857142857144,2.923076923076923,1285.0,1953.6923076923076,346.2307692307692,498.2549019607843,"[356.3, 758.6]","[276.7, 434.4]",1.4390832538303036,"[0.9, 2.3]",True
73,Advertising and market research,4.285714285714286,6.846153846153846,2676.8571428571427,3834.3076923076924,506.6216216216216,488.81372549019613,"[342.7, 745.3]","[299.4, 916.9]",0.9648497115570689,"[0.5, 1.9]",True
90,"Creative, arts and entertainment activities",0.5714285714285714,0.46153846153846156,641.4285714285714,669.2307692307693,408.8181818181818,458.57894736842104,"[337.9, 607.6]","[291.8, 608.4]",1.121718572615662,"[0.7, 1.8]",True
93,Sports activities and amusement and recreation,1.8571428571428572,3.230769230769231,1410.4285714285713,1618.2307692307693,493.99999999999994,382.72727272727275,"[298.1, 495.3]","[336.7, 796.7]",0.7747515642252486,"[0.5, 1.2]",True
82,Office administrative and business support activities,4.285714285714286,7.538461538461538,1729.5714285714287,3109.6923076923076,327.4054054054054,364.31531531531533,"[288.7, 456.3]","[206.6, 524.5]",1.1127345770733588,"[0.6, 1.8]",True
69,Legal and accounting activities,3.142857142857143,5.461538461538462,1813.2857142857142,2162.6923076923076,437.93103448275866,334.85714285714283,"[246.7, 481.4]","[306.1, 728.9]",0.7646344206974127,"[0.4, 1.3]",True
62,"Computer programming, consultancy and related activities",5.857142857142857,9.538461538461538,3005.0,3435.769230769231,438.375,326.1167883211679,"[251.9, 425.3]","[323.5, 614.6]",0.7439219579610332,"[0.5, 1.1]",True
53,Postal and courier activities,0.8571428571428571,1.0769230769230769,430.2857142857143,648.6153846153846,232.23076923076923,312.7777777777778,"[203.5, 502.9]","[168.1, 340.9]",1.3468403812888745,"[0.8, 2.4]",True
43,Specialised construction activities,15.285714285714286,21.846153846153847,6561.714285714285,6769.461538461538,402.9736842105263,296.3501683501683,"[205.1, 437.8]","[331.1, 509.0]",0.7354082411876443,"[0.5, 1.1]",True
59,"Motion picture, video and television production",0.7142857142857143,1.0,538.7142857142857,573.6923076923077,314.83333333333326,287.34615384615387,"[224.5, 401.2]","[211.1, 500.4]",0.9126929185161057,"[0.5, 1.5]",True
01,Crop and animal production,7.0,6.6923076923076925,1869.857142857143,2167.3076923076924,233.85714285714286,281.88,"[223.5, 361.2]","[195.8, 290.0]",1.2053512522907757,"[0.9, 1.6]",True
71,Architectural and engineering activities,4.714285714285714,4.461538461538462,1398.5714285714287,1480.0,244.925,271.169014084507,"[198.1, 406.1]","[206.6, 290.4]",1.1071512262305072,"[0.8, 1.7]",True
79,Travel agency and reservation services,0.2857142857142857,1.3846153846153846,541.1428571428571,641.6153846153846,421.6666666666667,269.48387096774195,"[178.0, 446.1]","[337.1, 530.9]",0.639092184113222,"[0.4, 1.1]",True
32,Other manufacturing,0.2857142857142857,0.9230769230769231,322.2857142857143,423.46153846153845,251.44444444444446,220.72,"[179.2, 277.3]","[175.8, 359.1]",0.8778082191780822,"[0.6, 1.3]",True
70,Management consultancy activities,5.285714285714286,6.230769230769231,1257.142857142857,1544.4615384615386,200.1590909090909,213.7340425531915,"[156.1, 299.0]","[148.2, 295.4]",1.067820809849032,"[0.6, 1.7]",True
77,Rental and leasing activities,2.142857142857143,3.4615384615384617,896.4285714285714,950.7692307692307,285.54545454545456,213.32758620689654,"[139.8, 346.4]","[216.1, 401.9]",0.7470880128226239,"[0.4, 1.3]",True
47,Retail trade,80.28571428571429,157.0,33051.857142857145,33387.0,406.6256590509666,211.31645569620252,"[174.8, 260.1]","[315.9, 506.0]",0.5196830327663018,"[0.4, 0.7]",False
33,Repair and installation of machinery and equipment,2.857142857142857,2.3076923076923075,607.4285714285714,682.2307692307693,157.74074074074073,206.55813953488374,"[145.1, 317.3]","[107.9, 230.0]",1.309478696276558,"[0.8, 2.3]",True
68,Real estate activities,17.714285714285715,29.923076923076923,5129.428571428572,6083.692307692308,274.14503816793894,196.7686567164179,"[141.3, 289.5]","[228.4, 328.7]",0.7177538504121277,"[0.5, 1.1]",True
41,Construction of buildings,16.857142857142858,24.846153846153847,5127.0,4951.0,287.168,191.5952380952381,"[142.8, 271.3]","[241.2, 332.8]",0.6671886773430121,"[0.5, 1.0]",False
42,Civil engineering,2.857142857142857,3.076923076923077,734.0,708.9230769230769,190.55555555555554,174.13207547169813,"[123.3, 270.6]","[136.6, 284.4]",0.9138126409593489,"[0.5, 1.6]",True
25,Manufacture of fabricated metal products,4.285714285714286,4.3076923076923075,910.0,913.7692307692307,172.35135135135135,172.34782608695653,"[126.4, 250.1]","[136.9, 220.0]",0.9999795460588665,"[0.7, 1.6]",True
88,Social work activities without accommodation,0.0,0.15384615384615385,171.28571428571428,187.07692307692307,172.28571428571428,163.0,"[115.8, 225.9]","[151.7, 193.3]",0.9461028192371477,"[0.7, 1.3]",True
55,Accommodation,2.857142857142857,3.076923076923077,551.7142857142857,588.7692307692307,143.29629629629628,144.66037735849056,"[100.1, 224.5]","[109.5, 194.1]",1.009519304388536,"[0.6, 1.7]",True
81,Services to buildings and landscape activities,6.714285714285714,9.0,1102.5714285714287,1276.3076923076924,143.05555555555557,127.73076923076924,"[98.6, 166.1]","[103.2, 204.4]",0.892875280059746,"[0.6, 1.4]",True
72,Scientific research and development,0.5714285714285714,1.3846153846153846,290.85714285714283,295.0,185.72727272727272,124.12903225806451,"[84.3, 186.2]","[113.4, 291.1]",0.6683403596861036,"[0.4, 1.3]",True
56,Food and beverage service activities,20.142857142857142,37.69230769230769,4007.0,4599.461538461538,189.56756756756758,118.89860834990058,"[97.5, 145.6]","[146.5, 242.7]",0.6272096533998177,"[0.5, 0.9]",False
31,Manufacture of furniture,3.4285714285714284,3.8461538461538463,536.2857142857143,570.1538461538462,121.3225806451613,117.85714285714285,"[86.8, 158.4]","[90.4, 171.1]",0.9714361681923499,"[0.6, 1.5]",True
02,Forestry and logging,1.0,1.0769230769230769,223.14285714285714,243.76923076923077,112.07142857142857,117.85185185185188,"[87.7, 173.4]","[86.2, 146.9]",1.0515780279961289,"[0.7, 1.7]",True
78,Employment activities,1.8571428571428572,3.230769230769231,441.2857142857143,489.38461538461536,154.79999999999998,115.9090909090909,"[79.8, 166.2]","[107.9, 243.0]",0.7487667371388302,"[0.4, 1.3]",True
16,Wood processing,3.0,2.923076923076923,408.0,442.84615384615387,102.25,113.1372549019608,"[80.6, 162.9]","[66.9, 157.0]",1.1064768205570739,"[0.6, 1.9]",True
66,Auxiliary financial services,2.142857142857143,2.769230769230769,372.2857142857143,424.84615384615387,118.77272727272727,112.9795918367347,"[79.6, 175.1]","[86.1, 175.4]",0.951225036512883,"[0.6, 1.6]",True
86,Human health activities,2.4285714285714284,5.153846153846154,574.8571428571429,692.9230769230769,167.95833333333334,112.76249999999999,"[85.2, 151.5]","[114.2, 262.4]",0.671371868022823,"[0.4, 1.1]",True
45,Sale and repair of motor vehicles and motorcycles,15.714285714285714,33.92307692307692,3364.1428571428573,3819.5384615384614,201.33333333333334,109.39867841409692,"[81.1, 154.0]","[152.4, 267.6]",0.5433709192753158,"[0.4, 0.8]",False
52,Warehousing and transport support activities,7.571428571428571,11.0,1201.0,1282.7692307692307,140.23333333333335,106.98076923076923,"[76.4, 159.7]","[118.2, 173.4]",0.7628768901647436,"[0.5, 1.2]",True
18,Printing and reproduction of recorded media,0.5714285714285714,0.9230769230769231,188.42857142857142,197.3846153846154,120.54545454545455,103.16,"[69.5, 158.7]","[89.7, 174.9]",0.8557767722473605,"[0.5, 1.5]",True
20,Manufacture of chemicals and chemical products,0.7142857142857143,0.7692307692307693,183.0,177.76923076923077,107.33333333333333,101.04347826086958,"[72.8, 147.6]","[72.4, 185.1]",0.9413988657844992,"[0.5, 1.6]",True
14,Manufacture of wearing apparel,3.0,6.0,584.7142857142857,599.3076923076923,146.42857142857142,85.75824175824175,"[73.1, 100.3]","[105.2, 227.0]",0.5856660412757974,"[0.4, 0.9]",False
03,Fishing and aquaculture,0.7142857142857143,0.7692307692307693,130.85714285714286,150.07692307692307,76.91666666666666,85.39130434782608,"[63.6, 118.2]","[64.5, 97.4]",1.1101794714776956,"[0.8, 1.6]",True
13,Manufacture of textiles,0.8571428571428571,1.8461538461538463,192.42857142857142,217.30769230769232,104.15384615384615,76.70270270270271,"[52.4, 117.5]","[73.3, 156.9]",0.7364365842947823,"[0.4, 1.3]",True
10,Manufacture of food products,6.571428571428571,13.23076923076923,890.0,1070.0,117.67924528301887,75.25945945945946,"[61.0, 91.4]","[93.7, 148.0]",0.6395304395304395,"[0.5, 0.9]",False
75,Veterinary activities,0.0,0.38461538461538464,65.14285714285714,97.23076923076923,66.14285714285714,70.94444444444444,"[51.0, 95.9]","[58.4, 75.3]",1.072594192464603,"[0.8, 1.5]",True
58,Publishing activities,0.14285714285714285,0.38461538461538464,85.0,97.23076923076923,75.25,70.94444444444444,"[46.2, 109.8]","[53.2, 103.1]",0.9427833148763382,"[0.5, 1.7]",True
22,Manufacture of rubber and plastic products,1.0,2.4615384615384617,235.28571428571428,232.6153846153846,118.14285714285714,67.48888888888888,"[46.0, 99.9]","[84.8, 178.2]",0.571248152626629,"[0.3, 1.0]",False
64,"Financial service activities, except insurance and pension funding",1.2857142857142858,1.8461538461538463,204.14285714285714,187.46153846153845,89.75,66.21621621621621,"[44.8, 104.0]","[70.2, 123.8]",0.7377851388993449,"[0.5, 1.2]",True
23,Other non-metallic mineral products,3.7142857142857144,3.769230769230769,304.42857142857144,313.0,64.7878787878788,65.83870967741936,"[49.4, 89.5]","[56.4, 77.5]",1.016219560035004,"[0.7, 1.4]",True
46,Wholesale trade,76.14285714285714,111.53846153846153,7109.857142857143,6763.461538461538,92.17777777777779,60.107997265892,"[47.0, 81.0]","[75.7, 112.5]",0.6520877234727916,"[0.5, 0.9]",False
28,Manufacture of machinery and equipment n.e.c.,1.2857142857142858,1.4615384615384615,136.85714285714286,144.3846153846154,60.31250000000001,59.0625,"[42.8, 90.3]","[44.7, 89.1]",0.9792746113989637,"[0.6, 1.6]",True
38,"Waste collection, treatment and disposal",1.4285714285714286,1.9230769230769231,151.14285714285714,158.23076923076923,62.647058823529406,54.47368421052631,"[37.1, 84.3]","[45.7, 87.7]",0.8695329873980726,"[0.5, 1.5]",True
08,Other mining and quarrying,0.42857142857142855,0.3076923076923077,75.71428571428571,65.3076923076923,53.699999999999996,50.705882352941174,"[37.2, 68.8]","[40.8, 76.4]",0.9442436192354037,"[0.6, 1.4]",True
26,"Manufacture of computer, electronic and optical products",1.0,1.0,80.14285714285714,87.38461538461539,40.57142857142857,44.19230769230769,"[28.9, 74.0]","[31.3, 57.1]",1.0892470205850489,"[0.6, 1.9]",True
37,Sewerage,0.14285714285714285,0.23076923076923078,37.0,47.38461538461539,33.25,39.3125,"[34.9, 43.6]","[27.8, 38.9]",1.1823308270676691,"[1.0, 1.4]",True
11,Manufacture of beverages,0.5714285714285714,0.5384615384615384,53.285714285714285,50.53846153846154,34.54545454545455,33.50000000000001,"[22.1, 49.8]","[22.5, 58.7]",0.9697368421052633,"[0.5, 1.8]",True
27,Manufacture of electrical equipment,0.5714285714285714,1.1538461538461537,73.85714285714286,70.07692307692308,47.63636363636364,33.0,"[23.3, 50.0]","[32.0, 70.1]",0.6927480916030534,"[0.4, 1.2]",True
30,Manufacture of other transport equipment,0.14285714285714285,0.5384615384615384,46.42857142857143,48.61538461538461,41.50000000000001,32.25,"[24.7, 41.4]","[32.0, 52.4]",0.7771084337349397,"[0.5, 1.1]",True
50,Water transport,0.2857142857142857,0.6153846153846154,46.42857142857143,50.84615384615385,36.88888888888889,32.095238095238095,"[21.5, 46.3]","[27.1, 49.0]",0.870051635111876,"[0.5, 1.4]",True
87,Residential care activities,0.14285714285714285,0.07692307692307693,21.0,30.076923076923077,19.25,28.857142857142858,"[25.6, 32.1]","[14.9, 25.1]",1.4990723562152133,"[1.1, 2.0]",False
15,Manufacture of leather and related products,0.2857142857142857,0.9230769230769231,50.142857142857146,54.15384615384615,39.777777777777786,28.68,"[18.8, 43.8]","[27.7, 56.6]",0.7210055865921786,"[0.4, 1.3]",True
17,Manufacture of paper and paper products,0.42857142857142855,0.38461538461538464,39.57142857142857,38.23076923076923,28.4,28.333333333333336,"[20.1, 40.3]","[22.2, 37.4]",0.9976525821596246,"[0.6, 1.6]",True
61,Telecommunications,1.1428571428571428,1.6153846153846154,70.0,72.53846153846153,33.13333333333333,28.117647058823525,"[18.0, 44.0]","[21.7, 45.8]",0.8486211385962835,"[0.5, 1.5]",True
35,"Electricity, gas, steam and air conditioning supply",3.0,2.230769230769231,72.0,80.84615384615384,18.25,25.333333333333332,"[15.6, 44.4]","[14.2, 23.5]",1.3881278538812785,"[0.8, 2.5]",True
29,Manufacture of motor vehicles and trailers,0.14285714285714285,0.46153846153846156,32.857142857142854,34.15384615384615,29.625,24.052631578947366,"[17.5, 33.6]","[21.7, 39.7]",0.8119031756606706,"[0.5, 1.3]",True
60,Programming and broadcasting activities,0.2857142857142857,0.15384615384615385,24.571428571428573,26.23076923076923,19.888888888888893,23.6,"[13.9, 40.9]","[14.9, 25.2]",1.1865921787709495,"[0.6, 2.2]",True
09,Mining support services,0.42857142857142855,0.15384615384615385,26.0,26.0,18.9,23.400000000000002,"[17.0, 33.3]","[11.2, 30.8]",1.2380952380952384,"[0.7, 2.3]",True
91,"Libraries, archives, museums and other cultural activities",0.0,0.15384615384615385,15.428571428571429,20.0,16.42857142857143,18.200000000000003,"[13.1, 24.6]","[12.3, 20.9]",1.1078260869565217,"[0.7, 1.7]",True
36,"Water collection, treatment and supply",0.2857142857142857,0.46153846153846156,27.142857142857142,25.153846153846153,21.88888888888889,17.89473684210526,"[13.1, 24.4]","[15.6, 31.1]",0.8175260486240982,"[0.5, 1.3]",True
80,Security and investigation activities,9.142857142857142,9.846153846153847,185.0,192.92307692307693,18.338028169014084,17.879432624113477,"[13.7, 24.7]","[12.8, 28.9]",0.9749921016221635,"[0.6, 1.6]",True
24,Manufacture of basic metals,1.0,0.46153846153846156,25.714285714285715,24.384615384615383,13.357142857142858,17.368421052631575,"[13.3, 23.1]","[8.9, 19.6]",1.3003095975232195,"[0.8, 2.1]",True
21,Manufacture of pharmaceutical products,0.14285714285714285,0.23076923076923078,14.142857142857142,12.461538461538462,13.25,10.9375,"[7.5, 16.0]","[8.2, 20.0]",0.8254716981132075,"[0.5, 1.5]",True
51,Air transport,0.14285714285714285,0.15384615384615385,8.142857142857142,7.923076923076923,8.0,7.733333333333334,"[6.1, 9.8]","[6.7, 9.4]",0.9666666666666668,"[0.7, 1.3]",True
92,Gambling and betting activities,0.0,0.07692307692307693,7.0,7.3076923076923075,8.0,7.7142857142857135,"[6.6, 9.2]","[6.0, 10.4]",0.9642857142857142,"[0.7, 1.4]",True
97,Activities of households as employers,0.14285714285714285,0.15384615384615385,6.857142857142857,7.384615384615385,6.875,7.2666666666666675,"[6.1, 8.7]","[5.8, 8.1]",1.0569696969696971,"[0.8, 1.4]",True
65,"Insurance, reinsurance and pension funding",0.0,0.07692307692307693,5.857142857142857,6.076923076923077,6.857142857142857,6.571428571428571,"[3.5, 11.2]","[3.4, 11.6]",0.9583333333333334,"[0.4, 2.3]",True
06,Extraction of crude petroleum and natural gas,0.0,0.3076923076923077,5.285714285714286,6.076923076923077,6.285714285714286,5.411764705882352,"[4.0, 7.2]","[5.1, 7.4]",0.8609625668449197,"[0.6, 1.2]",True
19,Manufacture of coke and refined petroleum products,0.0,0.07692307692307693,6.428571428571429,4.769230769230769,7.428571428571429,5.357142857142858,"[3.9, 7.0]","[4.6, 10.4]",0.7211538461538461,"[0.5, 1.3]",True
05,Mining of coal and lignite,0.0,0.07692307692307693,4.857142857142857,3.076923076923077,5.857142857142857,3.7857142857142856,"[3.0, 4.5]","[3.9, 7.7]",0.6463414634146342,"[0.5, 1.0]",False
