,01,02,03,05,06,07,08,09,10,11,12,13,14,15,16,17,18,19,20,21,22,23,24,25,26,27,28,29,30,31,32,33,35,36,37,38,39,41,42,43,45,46,47,49,50,51,52,53,55,56,58,59,60,61,62,63,64,65,66,68,69,70,71,72,73,74,75,77,78,79,80,81,82,84,85,86,87,88,90,91,92,93,94,95,96,97,98,99
Republic of Adygea,1.076923076923077,,1.2923076923076924,,,,0.8321678321678322,,1.1219512195121952,1.1307692307692307,,0.8615384615384616,1.1666666666666665,,0.8567708333333334,,,,0.7538461538461538,,0.8284023668639052,0.8896321070234114,,0.7258064516129032,,,,,,1.138888888888889,1.0769230769230769,1.05,,,,1.0230769230769232,,1.026086956521739,0.9572649572649573,0.9161882893226178,1.0384615384615385,0.691358024691358,1.2873134328358207,1.0026954177897573,,,1.5587044534412955,0.918552036199095,0.926153846153846,0.9188630490956076,,1.1846153846153846,,,1.066568047337278,1.3183023872679047,0.8525641025641025,,0.8461538461538461,0.7777777777777778,0.8592471358428805,1.330316742081448,1.169230769230769,,1.3846153846153846,1.0332640332640333,,1.5480769230769231,,1.076923076923077,1.1778846153846156,0.8400000000000001,1.7582417582417584,,1.0338461538461539,1.0769230769230769,,0.7455621301775147,0.841346153846154,,,0.9061913696060038,,1.0026525198938991,1.3709677419354838,,,
Republic of Bashkortostan,2.259578787109871,0.9727047146401984,1.1642411642411643,,,,0.8226495726495726,1.1336032388663968,1.209342560553633,1.0769230769230769,,1.476426799007444,1.0053191489361701,1.0355029585798816,1.3623725671918443,1.174825174825175,1.75,,0.972972972972973,,0.9257759784075574,0.7108527131782946,,0.9578947368421052,0.7807692307692308,1.2986425339366514,0.8405253283302064,,,1.048582995951417,1.717506631299735,1.2538141470180304,1.4911242603550294,1.476923076923077,1.2352941176470587,1.0452488687782804,,0.5893897577430236,1.3899613899613896,1.1973637961335675,0.6799158922878655,1.153846153846154,0.48143483934718506,1.1054421768707483,,,1.2205128205128206,1.6552706552706553,0.9464285714285714,1.1343691555171915,1.2036199095022624,1.2384615384615385,,1.5174825174825175,1.302767872304296,1.4937500000000001,0.7995337995337995,,1.1846153846153846,1.0141122415490647,0.9072781655034895,1.6992720655141038,1.0674603174603172,0.7526881720430109,2.1032343234323436,1.5692307692307694,0.9526627218934911,1.173737373737374,1.5726495726495722,1.003970223325062,1.1402027027027026,1.3057530704589528,1.7449577744659712,,1.15760461037334,1.221293199554069,,0.827392120075047,1.1395348837209303,,,1.0323886639676114,,1.355656108597285,1.316239316239316,,,
Republic of Buryatia,1.0358539765319426,0.7257525083612041,,,,1.6622073578595318,0.9423076923076923,,0.6659722222222222,1.1692307692307693,,0.688034188034188,0.9046153846153846,1.2727272727272727,1.0,,1.2923076923076924,,,,0.9871794871794871,0.9100529100529099,,1.0769230769230769,,,,,,0.8076923076923078,1.4854111405835546,0.9871794871794872,0.9090909090909092,,0.8974358974358972,1.174825174825175,,0.8653171390013497,1.2307692307692308,0.9711934156378601,1.2431595250387197,0.7967715231788078,0.9674704029542741,1.1902515723270441,,,0.654885654885655,2.019230769230769,0.8166666666666667,0.935483870967742,,1.3706293706293706,,0.8351648351648352,1.4204244031830242,1.5451505016722407,,,1.2115384615384617,0.856878698224852,1.0769230769230769,1.4937965260545905,1.1666666666666667,0.9333333333333333,1.8621794871794874,1.3578595317725752,,0.9635627530364372,1.2036199095022624,1.0907297830374754,1.2384615384615383,1.1173076923076923,0.8235294117647058,,0.8572874493927126,0.735207100591716,,1.0769230769230769,0.84,,,1.114709851551957,,0.8974358974358974,1.1575483340189223,,,
Republic of Altai,1.0256410256410255,0.7948717948717948,,,,,,,0.7858627858627858,,,,0.8284023668639052,,1.0,,,,,,,,,1.1666666666666665,,,,,,0.9153846153846154,1.1307692307692307,,,,,,,0.9198717948717948,0.8974358974358972,0.9607843137254902,0.8906250000000002,0.9411764705882353,0.7306048652202499,1.3730769230769233,,,0.8675213675213677,,2.494252873563219,0.7150537634408601,,,,,1.3936651583710407,2.1538461538461537,,,,1.628517823639775,1.0230769230769232,0.9423076923076923,1.4886877828054297,,2.2615384615384615,2.0528846153846154,,1.3254437869822486,0.9153846153846154,1.099836333878887,,0.8256410256410256,0.8355437665782495,,0.6608391608391607,0.8256410256410256,,,0.8811188811188811,,,0.9273504273504274,,0.9112426035502958,1.0512820512820513,,,
Republic of Dagestan,0.9946065428824049,1.8397435897435896,0.9463869463869464,,0.8181818181818182,,0.9635627530364372,,1.60989010989011,1.6871794871794872,,1.68,3.5538461538461537,0.9692307692307692,1.3183023872679047,,1.2564102564102566,,0.9300699300699302,,1.178794178794179,1.0390625,,0.9496503496503497,,,0.9692307692307691,,,1.2788461538461537,0.9112426035502958,1.4400715563506261,0.7538461538461538,,,1.3641025641025644,,1.0458119658119658,0.8105263157894737,1.5948864888692968,1.1265625,1.009749409703709,0.6049684935853846,1.2177280550774527,1.0355029585798816,,1.0666666666666669,1.725,0.8740779768177028,1.0277884615384616,1.3012820512820513,1.1442307692307692,,0.7126696832579185,1.280183392766174,1.7916666666666665,0.7455621301775147,,1.7622377622377623,1.0766045548654244,1.2755787901418971,1.1891025641025639,0.8995475113122172,1.1217948717948718,1.690677966101695,3.389140271493213,,1.1442307692307692,0.9463869463869464,0.7904022582921666,0.7403846153846154,7.730242360379346,2.355555555555555,,1.0851063829787233,1.0810650887573963,,4.9423076923076925,1.6423076923076922,1.1307692307692307,,1.5349248452696729,1.0769230769230769,2.0683760683760686,1.4705882352941178,,,
Republic of Ingushetia,0.7977207977207977,0.717948717948718,,,,,,,1.1766381766381766,0.8321678321678322,,,,,0.979020979020979,,,,,,,,,0.8811188811188811,,,,,,,,,,,,0.6153846153846154,,1.2053925455987309,1.005128205128205,1.1693861693861696,1.3076923076923077,1.05176132278936,1.3341499265066143,1.3855534709193247,,,1.3282051282051284,,1.2564102564102562,1.2411994784876141,,1.0230769230769232,,,1.0595533498759304,1.171945701357466,0.4576923076923077,,,1.1585081585081585,1.3036437246963561,,0.8461538461538461,,1.63986013986014,1.5076923076923077,,1.1846153846153846,0.7869822485207101,0.9759615384615385,,,1.1153846153846154,,1.4886877828054297,0.8076923076923078,,,0.9112426035502958,,,0.8205128205128206,,1.1538461538461537,1.5587044534412955,,,
Kabardino-Balkar Republic,1.2443688907777306,,,,,,,,1.5180722891566265,1.1258741258741258,,0.908653846153846,1.1183431952662723,,0.6282051282051283,,,,0.9940828402366864,,0.7651821862348177,0.6461538461538461,,1.0769230769230769,,,,,,0.7378917378917379,0.8675213675213677,1.346153846153846,,,,1.1666666666666665,,0.7943051423714408,0.9300699300699302,0.891826923076923,0.9456521739130436,0.7938856015779093,0.8100726134168276,0.9871794871794871,,,0.8706896551724139,2.0461538461538464,0.9454382826475849,1.0574940523394132,,1.0,,0.979020979020979,0.9333333333333333,1.737762237762238,,,1.5174825174825175,1.3222222222222222,1.1402714932126696,1.1503496503496504,0.6975524475524476,,3.043123543123543,1.86013986013986,,1.0583554376657827,,0.891826923076923,0.6923076923076923,1.1965811965811965,1.470414201183432,,1.705128205128205,0.8552036199095023,,,0.8868778280542985,,,0.8019639934533552,,1.244031830238727,1.6153846153846154,,,
Republic of Kalmykia,0.8966555183946486,,,,,,,,1.18,,,,1.0968660968660968,,1.174825174825175,,0.9423076923076923,,,,1.05,0.8076923076923078,,0.9759615384615385,,,,,,1.2237762237762237,1.3706293706293706,1.2011834319526626,,,,,,0.876767676767677,1.7165991902834004,1.1049679487179487,0.7377049180327868,0.5410169491525424,0.4703972341941437,0.9267412486466979,,,0.7031250000000001,1.1846153846153846,1.3589743589743588,0.8063999999999999,,,,,0.9137529137529137,1.5723076923076922,,,0.638888888888889,1.00354609929078,1.0348557692307694,1.1346153846153846,1.5587044534412955,,1.346153846153846,1.0769230769230769,,1.0185185185185186,1.2307692307692308,1.1442307692307694,1.2115384615384615,1.884615384615385,2.7985347985347984,,1.6452991452991454,0.6631016042780747,,,0.8846153846153846,,,1.4430769230769231,,1.2923076923076924,1.1791626095423564,,,
Karachay-Cherkess Republic,0.7983425414364641,,,,,,0.9526627218934911,,2.388811188811189,0.9112426035502958,,2.4410256410256412,1.1076923076923078,0.9692307692307692,0.6968325791855203,,,,,,0.8076923076923076,,,0.841346153846154,,,,,,1.2115384615384612,,0.9940828402366864,,,,1.027972027972028,,1.0507841672890217,1.1128205128205129,1.523076923076923,0.9730094466936573,1.0850202429149798,0.657519788918206,0.9817813765182186,,,1.0301003344481605,1.6153846153846152,0.8992862807295797,0.9910813823857303,,1.027972027972028,,,1.0,1.4000000000000001,,,,0.9189743589743591,1.0968660968660968,,1.1336032388663968,,1.794871794871795,5.461538461538462,,1.174825174825175,,1.1336032388663968,,4.454545454545455,1.8054298642533937,,1.5884615384615384,1.056980056980057,,,1.0355029585798816,,,1.1965811965811965,,1.3936651583710407,2.0016722408026757,,,
Republic of Karelia,1.0637898686679175,1.0015384615384615,1.3138461538461539,,,,0.6190476190476191,,0.9076923076923077,,,0.8974358974358972,0.7651821862348177,,0.9954751131221717,,0.9230769230769231,,,,0.8500000000000001,1.176470588235294,,1.090909090909091,,,,,,0.6321070234113711,1.1128205128205129,1.2276923076923076,,,,,,0.9794520547945206,0.9772079772079771,1.0928571428571427,1.0219780219780221,0.7933333333333334,0.8996175908221797,1.228021978021978,1.3012820512820513,,1.2082551594746718,1.405982905982906,0.5774647887323945,1.0246305418719213,0.9153846153846154,1.4230769230769231,,,1.5954415954415955,1.5480769230769231,,,0.8974358974358975,1.4465449804432855,1.3216783216783219,0.8461538461538461,0.9493927125506073,,1.0900562851782365,1.7104072398190042,,1.1217948717948718,1.1666666666666665,0.9324577861163228,0.7727272727272728,0.923076923076923,1.4553014553014554,,0.7153846153846154,0.6774193548387096,,,1.1336032388663968,,,1.2149901380670611,,1.0769230769230769,1.24765478424015,,,
Republic of Komi,1.1244343891402715,0.8480769230769232,0.9692307692307692,,,,1.6153846153846152,,1.2413793103448278,,,,0.8205128205128206,,0.816976127320955,,,,,,0.6057692307692308,1.0769230769230769,,1.7622377622377623,,,,,,0.9819004524886876,1.4615384615384617,0.875,0.8811188811188811,,,1.2384615384615383,,0.965166908563135,1.0454545454545454,0.9436674436674437,1.3110367892976589,0.9194484760522497,0.7387251780235049,1.4156299840510367,,,0.8936170212765957,1.7230769230769232,1.8846153846153848,1.3190476190476192,,1.0452488687782804,,0.9692307692307692,1.3832891246684351,1.5664335664335665,,,0.9502262443438912,1.2314814814814814,1.1988388969521044,1.3053613053613053,1.4689826302729527,0.8321678321678322,1.293123543123543,1.7022332506203472,,1.1076923076923078,0.9819004524886876,1.391025641025641,1.353846153846154,1.169230769230769,1.4680161943319838,,0.9324577861163228,1.0769230769230769,,,0.7455621301775147,,,1.1778846153846154,,1.0375234521575984,0.9664694280078895,,,
Republic of Mari El,1.2291666666666667,1.1471571906354516,,,,,0.9300699300699302,,1.3727810650887573,,,,1.2307692307692308,,1.3076923076923077,,,,,,0.9871794871794871,0.9333333333333333,,0.8264758497316635,,,,,,1.2307692307692308,1.3461538461538463,1.1153846153846154,,,,,,1.1157894736842104,1.1778846153846156,1.418386491557223,1.4519230769230769,0.9679012345679012,0.6545271178843567,1.2694444444444446,,,1.2642140468227423,1.8021978021978022,1.1846153846153846,1.1282051282051282,,1.1153846153846154,,,1.4761273209549073,1.8482328482328485,,,1.1846153846153846,1.0576923076923077,1.3820512820512822,1.2276923076923076,1.405982905982906,1.1249999999999998,1.5587044534412955,1.155722326454034,,1.1442307692307694,1.2923076923076924,1.2923076923076924,,1.2492307692307691,2.063907892541298,,0.9466501240694789,1.5794871794871794,,,1.4497041420118344,,,1.453846153846154,,1.5854700854700856,1.674394099051633,,,
Republic of Mordovia,0.7321428571428572,,0.9153846153846154,,,,0.9153846153846154,,1.1200000000000003,,,0.9423076923076923,0.8739495798319327,,0.8525641025641026,,,,,,0.9940828402366864,0.8076923076923077,,1.5384615384615385,,,,,,0.6904761904761906,1.2564102564102562,1.0230769230769232,,,,1.1307692307692307,,0.9562334217506633,1.1282051282051282,0.8509316770186336,0.9244383934649422,0.8611111111111112,0.625170881749829,1.1060816439877812,,,0.9743589743589745,2.1538461538461537,1.0769230769230769,1.1193181818181819,,0.6968325791855203,,,1.0076923076923077,1.6538461538461537,,,0.3916083916083916,1.3752260397830016,0.7503152585119797,1.0925925925925926,1.0544871794871795,0.6321070234113711,0.7773564463705309,0.923076923076923,,1.2564102564102564,0.926153846153846,0.7918552036199095,0.9230769230769231,0.9526627218934911,1.1944444444444442,,0.8346153846153845,1.05,,0.7041420118343195,1.2564102564102562,,,0.8785425101214575,,1.4674556213017749,1.2564102564102564,,,
Republic of Sakha (Yakutia),1.205128205128205,1.0663650075414781,0.8176638176638176,,,1.694570135746606,0.7285067873303166,,1.324978392394123,0.6968325791855203,,,0.9333333333333333,,0.7016317016317015,,0.8176638176638176,,0.8076923076923077,,1.3076923076923077,1.041420118343195,,1.1454545454545455,,,,0.9153846153846154,,0.7777777777777777,1.2025641025641027,1.0074441687344913,1.2564102564102566,0.7832167832167832,0.8076923076923076,1.0769230769230769,,0.7841614906832299,0.8947368421052632,0.9898190045248869,0.9030448717948719,0.8953418027828192,0.9311408016443987,1.0177817074368798,1.278846153846154,,1.949579831932773,0.9871794871794872,0.9283819628647216,0.8776978417266188,,1.0984615384615384,,0.8525641025641025,0.8689320388349515,1.6153846153846154,1.032051282051282,,1.0769230769230769,0.8336842105263156,1.0691192865105907,1.2894736842105263,0.900990099009901,0.7179487179487181,1.4678609062170707,1.3512336719883888,,0.9743589743589743,1.1038461538461537,1.3395872420262664,1.3461538461538463,0.9001148105625717,1.4911242603550294,,0.8541114058355437,0.8862179487179487,,1.0769230769230769,1.056980056980057,,,0.9784946236559139,,0.6973518284993694,1.2956730769230769,,,
Republic of North Ossetia-Alania,1.0389140271493211,,1.4570135746606334,,,,,,1.6643356643356644,1.1778846153846156,,0.979020979020979,1.020242914979757,,1.0384615384615383,,,,1.2115384615384612,,0.5384615384615384,0.926153846153846,,1.1619433198380567,,,,,,0.8176638176638176,1.532544378698225,1.4046822742474916,,,,0.8525641025641025,,0.8846153846153846,0.7418803418803418,0.9995750106247344,1.123456790123457,0.7965367965367965,0.6057732326535465,1.0970149253731343,,,1.251923076923077,1.4807692307692308,1.0769230769230769,1.175465057817999,,0.9198717948717949,,,1.1930618401206639,1.470414201183432,,,0.9692307692307691,1.0316319194823869,0.987179487179487,1.4453441295546556,0.9358974358974358,,2.7132867132867133,2.2435897435897436,,0.7538461538461538,0.8974358974358975,0.9352226720647773,,1.2916666666666667,2.578088578088578,,0.9266547406082289,1.3820512820512822,,1.027972027972028,1.0034965034965035,,,1.1258741258741258,,1.3589743589743588,0.9865519096288328,,,
Republic of Tatarstan,1.0973262032085562,0.9352226720647773,1.3076923076923077,,,,0.7601809954751131,1.6602564102564101,1.03621853898097,0.7869822485207101,,0.6730769230769231,1.0456171735241502,0.8461538461538461,0.9318681318681318,1.0769230769230769,0.9981238273921201,,0.9635627530364372,,0.8278688524590163,1.0803571428571428,0.8525641025641025,0.9848101265822786,0.8974358974358975,0.9090909090909093,1.1902834008097165,1.1666666666666667,1.2564102564102566,1.1761786600496276,1.5459057071960296,1.1526442307692308,1.6153846153846154,0.8698224852071006,1.1597633136094674,0.9568627450980393,,0.6459135994753668,0.9330922242314647,0.9690202413760335,0.6346495478036175,0.7368526466380546,0.293243839971739,1.1321446190711113,,,1.1440979076194235,1.6552706552706553,0.8641114982578397,1.0411859310537723,0.9364548494983278,0.9461538461538461,,1.041025641025641,0.8250471994965384,1.3711790393013101,1.0156250000000002,,1.0000000000000002,0.8604148660328436,1.0359477124183005,1.1845896147403685,1.0810810810810811,1.1126651126651128,1.4117647058823533,1.190677966101695,1.4230769230769231,0.8256410256410256,1.043956043956044,1.0614277808522412,1.492063492063492,1.0779816513761467,2.1363213687930065,,0.9962361797224183,0.6524822695035462,,0.8927125506072875,1.054945054945055,0.8321678321678322,,1.3571428571428572,0.9333333333333333,1.1177156177156178,1.0890625,,,
Republic of Tuva,1.4639423076923077,1.4453441295546556,1.0230769230769232,,,,,,1.5368589743589745,,,,1.2307692307692308,,1.55,,0.9153846153846154,,,,,1.3012820512820513,,1.0769230769230769,,,,,,,,,,,,,,1.0071225071225072,0.8076923076923078,1.0056561085972853,0.9607843137254902,1.3250836120401337,0.8927934810287751,1.1105769230769231,,,1.153846153846154,1.2923076923076924,0.8256410256410256,1.3985042735042734,,,,,2.0,0.2580128205128205,,,,1.0993589743589745,1.4570135746606332,1.0096153846153846,1.005128205128205,,1.3461538461538463,1.8260869565217392,,0.9423076923076923,,0.8698224852071006,0.8321678321678322,0.7948717948717948,0.7583333333333333,,1.846153846153846,0.9545454545454546,,,,,,0.7578347578347578,,0.7869822485207101,1.544871794871795,,,
Udmurt Republic,1.0799999999999998,2.1987179487179485,1.4685314685314683,,,,1.2384615384615383,,1.266129032258064,0.9153846153846154,,1.2307692307692308,0.8698224852071006,0.9583333333333333,0.9322033898305085,0.9940828402366864,1.136752136752137,,0.9635627530364372,,1.3319838056680162,1.1590909090909092,,1.1977401129943501,1.020242914979757,0.8076923076923078,1.153846153846154,0.9300699300699302,,1.0416666666666667,1.0769230769230769,0.9790209790209791,1.227272727272727,,,1.2753036437246963,,0.8927083333333332,0.8648018648018647,0.9001346499102334,1.2833333333333334,0.950909090909091,0.7886174663017093,1.853276353276353,,,1.1165158371040727,1.590909090909091,1.4497041420118344,1.1035372144436257,1.3461538461538463,0.8511166253101736,,,1.2011834319526629,1.7013093289689034,1.2237762237762237,,1.8753315649867377,1.2017333579199705,1.6643356643356644,1.4107142857142856,1.0571428571428572,0.9046153846153846,1.5811965811965811,1.5246913580246912,1.118343195266272,1.2902757619738754,1.372340425531915,1.1336032388663968,1.2741935483870968,1.6308186195826648,1.8084179970972423,,1.4462809917355373,1.645021645021645,,1.1846153846153846,1.0627530364372468,,,1.3349358974358974,,1.364721485411141,1.3649373881932023,,,
Republic of Khakassia,1.1455505279034692,1.1597633136094674,,,,0.9112426035502958,0.8076923076923076,,0.9218750000000001,,,,1.136752136752137,,1.0301003344481605,,,,0.7041420118343195,,1.174825174825175,0.9423076923076924,,0.9423076923076924,,,,,,0.9692307692307691,1.669230769230769,1.3254437869822486,,,,,,0.711925658234383,1.278846153846154,1.041025641025641,0.9822485207100592,0.8047619047619048,0.595952023988006,1.197761194029851,,,0.6913580246913581,0.9333333333333333,1.041025641025641,1.263736263736264,,1.3012820512820513,,,0.8868778280542987,1.26,,,0.6334841628959275,0.9722222222222222,1.4188034188034186,1.3162393162393164,0.9647435897435898,,1.4940411700975083,1.3368700265251992,,1.3319838056680162,,1.3461538461538463,,1.0769230769230769,2.174165457184325,,1.3192307692307692,0.9377289377289377,,,0.9333333333333333,,,1.1846153846153846,,1.6423076923076922,1.0953320184089415,,,
Chechen Republic,0.8812762799901063,1.1105769230769231,,,,,0.717948717948718,,1.7335834896810507,0.9423076923076923,,,1.564516129032258,,0.8256410256410256,,,,1.3216783216783214,,1.205128205128205,0.5927927927927928,,1.75,0.6153846153846154,,,,,1.1217948717948718,,1.0096153846153848,,,,0.6111111111111112,,0.9485924112607098,0.875,1.1321428571428571,1.3920353982300884,0.7347998022738507,1.0612095214811192,1.0617760617760617,,,1.1906354515050166,1.4749163879598663,0.7236842105263158,1.2081632653061227,,1.15,,1.2115384615384612,1.2134146341463417,1.9294871794871795,0.908653846153846,,1.1902834008097165,1.0325123152709361,1.2307692307692306,1.967455621301775,1.346153846153846,0.6955128205128206,1.6692307692307693,2.3333333333333335,,0.8557692307692307,0.800653594771242,0.8511166253101736,0.918552036199095,1.1128205128205129,1.2186234817813764,,1.8658318425760285,0.846774193548387,,1.1153846153846154,0.7455621301775147,,,1.2894736842105263,,1.0562130177514792,1.1658433309809457,,,
Chuvash Republic,0.9037116729424421,1.0769230769230769,0.9153846153846154,,,,,,1.0066889632107023,,,1.3186813186813184,0.8477905073649754,0.8974358974358972,1.1454545454545453,,1.15,,0.8974358974358975,,0.8333333333333335,1.3846153846153846,,0.9711538461538461,,0.8846153846153846,0.8846153846153846,,,1.0143790849673204,1.0833333333333335,1.2237762237762237,,,,1.3216783216783214,,0.6385813858138581,0.967032967032967,0.9419263456090651,1.0210290827740494,0.961416824794434,0.788276216000456,1.079483695652174,,,0.9912587412587412,1.705128205128205,1.020242914979757,1.4535941765241127,0.7869822485207101,0.9790209790209791,,,1.0010325245224574,1.8461538461538458,1.0230769230769232,,0.810344827586207,0.9215189873417721,1.201783723522854,1.459514170040486,1.0754716981132078,1.0769230769230769,1.783345095271701,1.8898944193061842,,0.9384615384615385,1.5076923076923077,1.1217948717948718,1.0476190476190474,0.8552036199095023,3.9208502024291496,,1.2661122661122661,1.2061538461538461,,,0.8153846153846154,,,1.5008183306055647,,1.0769230769230769,1.4145530145530147,,,
Altai Krai,1.1208791208791207,0.967391304347826,1.2205128205128206,,,,,,0.8492417484388938,0.6749999999999999,,0.7205882352941178,1.144901610017889,,0.8538461538461538,,1.7230769230769232,,1.373076923076923,,1.1304347826086958,1.2763532763532763,,1.0457516339869284,0.8076923076923076,0.9230769230769231,1.0324999999999998,,,1.74671669793621,0.8461538461538461,1.3508771929824563,1.1183431952662721,,1.2133333333333334,1.1619433198380567,,1.2521194730663883,0.8887859128822984,0.9113924050632911,0.6775739320920044,0.8773903262092239,1.3639487369985142,0.9528808898887638,,,2.288242730720607,2.732193732193732,0.9750000000000001,1.2252327127659572,,1.278846153846154,0.9153846153846154,0.9025641025641026,1.183574879227053,2.252274607113317,1.2307692307692308,,1.2840236686390532,1.7136343899261834,1.128698224852071,1.1402714932126699,1.1576923076923078,0.8076923076923077,1.415954415954416,1.505097312326228,1.346153846153846,1.0615384615384615,0.8363338788870703,1.2607879924953098,0.8884615384615384,0.8904761904761906,1.9890109890109888,,1.3980239943542696,1.4038461538461537,,1.2669683257918551,1.237006237006237,,,1.2146690518783543,,1.1688555347091933,1.1003344481605353,,,
Krasnodar Krai,1.3083521444695259,0.7875000000000001,1.1566265060240961,,,,0.8994082840236686,0.6018099547511312,0.8901734104046243,0.9914529914529913,,0.7945590994371483,0.9347826086956522,1.136752136752137,1.1270125223613596,0.6182336182336182,1.0094339622641508,,0.9423076923076923,,0.8272727272727273,1.078692493946731,1.1666666666666665,1.0155555555555555,1.027972027972028,0.9166666666666667,0.7790697674418605,1.4195804195804196,0.8974358974358975,0.836771844660194,1.4753846153846153,0.9969078540507113,0.5771929824561404,1.0625000000000002,1.189102564102564,1.0192307692307692,,0.5813107755553798,0.9147286821705427,1.0001372557990578,0.8142283227318379,0.6112976809022937,0.6829310318090731,0.8328169822145726,1.4,,0.9503586800573888,1.7284615384615385,0.7585014409221904,1.3912059946274566,1.0484330484330482,1.0423429781227946,0.8333333333333333,1.2218934911242603,1.1494252873563218,2.3848034605980817,0.9875968992248062,,0.9072580645161291,0.8757752968279283,0.8905263157894737,1.268559411146162,1.2138063279002875,1.347826086956522,1.6354211663066955,1.2786069651741294,1.4393939393939392,1.1471698113207545,1.278298936835522,1.101036269430052,1.2301075268817203,1.4464895635673625,1.8788968824940044,1.2036199095022624,1.1179775280898876,1.1988980716253446,1.3461538461538463,1.0559440559440558,1.049830672472182,1.174825174825175,0.8525641025641025,1.1254509018036072,1.3641025641025644,1.3912087912087912,0.9490909090909092,0.9153846153846154,,
Krasnoyarsk Krai,1.0620689655172415,0.9289719626168226,2.6508875739644973,,,0.8923076923076924,0.7257525083612041,,0.9625850340136055,1.0769230769230769,,0.8615384615384616,0.8803088803088804,,0.8274336283185841,,1.0576923076923077,,0.9476923076923076,,1.1168091168091168,0.9487179487179489,,1.0904290429042904,1.5174825174825175,0.6785714285714287,0.7269230769230768,0.9940828402366864,0.9940828402366864,0.8628472222222222,1.6012145748987856,1.0963748894783378,0.8461538461538461,0.7628205128205128,1.1597633136094674,1.1648351648351647,,1.0288431061806658,0.9593023255813954,1.5261153427638738,0.8930147058823529,1.2850400457665905,0.5421245421245421,1.4943032427695004,1.0769230769230769,,1.3728,1.4515050167224082,1.4073426573426575,1.0126582278481013,0.9333333333333333,1.4848484848484849,,0.6506410256410257,1.3290118121578796,2.2479147358665426,0.9641025641025641,,1.1800327332242226,1.416261945793514,1.0720338983050846,1.3571428571428574,1.09536354056902,0.8846153846153846,1.5861909175162185,1.4183864915572235,1.3125,0.8740112994350283,1.4325108853410742,1.1811414392059554,1.05,1.0752252252252252,1.361003861003861,,0.9799208144796382,1.5532544378698223,,0.8836291913214991,0.9497863247863247,,,1.0217391304347827,,1.2105263157894737,1.0593210652646017,,,
Primorsky Krai,0.8874172185430464,0.987179487179487,1.1760683760683759,,,1.346153846153846,0.9871794871794872,,0.9059343434343434,1.0355029585798816,,1.1965811965811968,0.8264758497316635,,0.9107142857142857,,1.027972027972028,,0.9300699300699302,,0.7977207977207977,0.9837837837837838,,1.0696465696465698,0.9230769230769231,0.7455621301775147,1.0135746606334841,,1.1487179487179489,1.264705882352941,1.6602564102564104,1.5140845070422537,1.5726495726495726,,1.1846153846153846,1.027972027972028,,1.4090836398528706,1.5283018867924532,1.2966686856450635,0.8878953107960741,0.674582560296846,0.8947647925446262,1.3174845067560703,0.9791666666666667,,1.149386373254338,2.107023411371238,1.3133208255159476,1.5381944444444444,,2.1376518218623475,,,1.4277915632754343,1.3410740203193032,0.7179487179487181,,1.4728506787330315,0.7950280282719961,1.2173913043478262,1.4049295774647887,1.4689608636977058,1.2364672364672364,1.3334542815674892,1.5981996726677576,1.1923076923076923,1.172222222222222,0.8953488372093024,1.1300108342361863,1.136231884057971,1.0799999999999998,1.723076923076923,0.8321678321678322,1.1584008097165992,1.3767926988265968,,1.1003344481605353,0.9982905982905981,,,0.9568345323741007,,1.4987179487179487,1.5498575498575498,,,
Stavropol Krai,1.5017201834862381,1.0769230769230769,1.09375,,,,1.0769230769230769,,1.5779220779220777,0.7777777777777779,,1.1085972850678734,1.3965635738831617,1.842105263157895,1.764102564102564,,1.2173913043478262,,1.3461538461538463,,1.4590570719602978,1.1588628762541806,,0.9611111111111112,,1.0769230769230769,1.0294117647058825,0.9112426035502958,,1.2708333333333333,1.4749163879598661,2.0918367346938775,0.979020979020979,,0.979020979020979,1.5480769230769231,,1.0704633204633205,1.2101506740681998,1.7475379291988287,1.4202270381836943,1.272157141166726,0.7685758998435055,1.4385407537248025,,,1.2571428571428573,2.319526627218935,1.654977375565611,1.1785095320623917,1.2307692307692308,1.1183431952662723,,,1.2037037037037037,2.4864024864024863,1.5739644970414202,,1.7262443438914026,1.3315217391304348,1.5205479452054795,1.5472972972972974,1.3557692307692308,2.055944055944056,1.7596153846153846,1.6111111111111112,2.019230769230769,1.3382352941176472,1.2352941176470587,1.1168091168091168,0.7,1.3039215686274512,1.8430232558139534,,1.6387959866220734,1.3548387096774193,1.4,1.0714285714285714,1.1134289439374185,,,1.699364855328158,0.9423076923076923,1.7756410256410255,1.4723557692307694,,,
Khabarovsk Krai,1.1100591715976331,1.1323529411764703,1.1700680272108843,,,1.5020242914979756,1.1619433198380567,0.9615384615384616,1.0081967213114753,,,,1.5256410256410258,,1.405982905982906,,0.8974358974358975,,0.8218623481781376,,1.5817307692307694,1.794871794871795,0.8811188811188811,1.0769230769230769,,,1.1307692307692307,,,1.2620192307692308,1.0553846153846154,1.3530571992110454,0.9692307692307691,,,1.1923076923076923,,1.2754435107376285,1.086894586894587,0.9514781491002571,1.3812111801242233,1.2112149532710281,0.5667229729729729,1.440435670524166,1.2384615384615383,,1.2127090301003343,2.423076923076923,1.5306122448979593,1.0874150456995548,0.8974358974358972,1.5303643724696354,,1.1846153846153846,1.3314685314685315,1.4603729603729605,0.7307692307692308,,0.9790209790209791,1.3296620775969963,1.302097902097902,0.997948717948718,1.326454033771107,1.4807692307692306,0.9743589743589743,1.671087533156499,0.9112426035502958,1.2162895927601811,0.7617260787992496,1.3178137651821862,1.1666666666666665,1.2735042735042734,1.6013986013986015,,1.2749778956675508,1.2082551594746718,,1.048582995951417,1.4215384615384614,,,1.1902834008097165,,0.9743589743589745,1.0946097697922514,,,
Amur Oblast,0.9416126042632066,0.9084249084249084,,,,1.0112570356472796,0.6321070234113711,,0.775,,,,0.7708333333333335,,0.875,,0.8284023668639052,,,,0.8615384615384616,0.9790209790209791,,1.2237762237762237,,,,,,0.9423076923076923,1.032051282051282,0.8896321070234114,0.9743589743589743,,,0.6461538461538462,,0.7760736196319018,0.8076923076923076,1.0603550295857989,0.851219512195122,0.8813559322033897,0.982824427480916,1.1291819291819292,,,0.9578947368421052,1.794871794871795,1.1705685618729098,1.032967032967033,,1.0769230769230769,,,1.080246913580247,1.2884615384615385,,,1.0769230769230769,1.1933962264150941,1.2138200782268578,1.2669683257918551,1.034412955465587,,1.0685096153846156,1.30977130977131,,0.9557692307692308,1.0256410256410255,1.425339366515837,,0.9759615384615385,1.103318250377074,,1.0909090909090908,0.7798408488063662,,1.1846153846153846,0.7538461538461538,,,0.9213675213675214,,0.841346153846154,1.012629161882893,,,
Arkhangelsk Oblast,2.2721893491124256,1.042183622828784,1.076923076923077,,,,0.8321678321678322,,0.9634146341463413,,,,0.8905325443786981,,1.0926216640502355,,1.0384615384615383,,1.1258741258741258,,0.8846153846153846,1.3948717948717948,,1.0074441687344913,,,,,1.1428571428571428,1.2811671087533159,0.7884615384615384,1.187782805429864,1.2923076923076924,,,0.8974358974358972,,1.1077902988731014,1.1326259946949604,1.069961977186312,1.4569362261669951,1.2249999999999999,0.7921621168983422,1.8107556160653506,1.005128205128205,,2.076923076923077,1.669230769230769,1.4646153846153847,1.072072072072072,1.2384615384615383,0.9743589743589745,,,1.720430107526882,1.522189349112426,1.027972027972028,,1.4269230769230767,2.2043628013777266,1.3176470588235294,1.5076923076923074,1.4446529080675423,0.8256410256410256,1.8846153846153848,1.2293178519593615,0.7897435897435897,1.2044534412955465,0.9871794871794872,1.5292307692307692,1.3012820512820513,1.2642140468227423,1.6720647773279353,,1.1786324786324784,1.3,,0.9871794871794871,1.0355029585798816,,,0.9474196689386561,,0.8596491228070176,1.248772504091653,,,
Astrakhan Oblast,1.1697127937336815,,0.8352272727272727,,,,0.8615384615384616,,1.3544973544973544,,,0.9230769230769231,0.9791666666666667,,0.9230769230769231,,1.0999999999999999,,1.1666666666666665,,0.875,1.4685314685314683,,1.1041666666666667,,,,,0.9112426035502958,1.0066889632107023,1.2036199095022624,1.0637898686679175,,,1.1307692307692307,1.174825174825175,,1.018125552608311,1.2115384615384617,0.7777777777777779,0.8655913978494625,0.617986798679868,0.471994161649334,1.13859649122807,0.5115384615384616,,1.2444444444444445,1.242603550295858,0.8076923076923077,1.0730994152046784,,0.8502024291497975,,,1.0224719101123596,1.1574074074074074,0.8076923076923076,,1.2669683257918551,1.3478471214320271,0.6319135410044502,1.1610576923076923,0.7466666666666668,0.7897435897435897,1.2081447963800906,1.4695512820512822,0.8615384615384616,0.8256410256410256,1.2364672364672364,1.1105769230769231,0.8,0.9534883720930233,2.1694537346711256,,1.152307692307692,0.8974358974358975,,0.8076923076923078,0.8525641025641026,,,0.9326923076923077,,1.237006237006237,1.1496196111580725,,,
Belgorod Oblast,1.3139816158684083,,0.7692307692307692,,,,,,1.2,,,1.0769230769230769,0.7564102564102564,1.0355029585798816,0.7760180995475112,0.8525641025641025,0.8675213675213677,,1.3162393162393164,,0.8896321070234114,0.9423076923076923,,0.796147672552167,0.7307692307692308,0.8811188811188811,0.6590909090909092,1.0769230769230769,,1.6223776223776225,0.8333333333333334,0.8034188034188035,,,1.2564102564102562,1.041025641025641,,1.0891238670694865,0.9736842105263159,0.7499689633767848,1.14188790560472,0.6704805491990847,1.028592222915367,1.0634920634920635,,,1.225195094760312,1.6369230769230767,0.9772079772079771,1.1301115241635686,0.7455621301775147,1.242603550295858,,0.6785714285714287,1.0291390728476821,1.7034965034965037,,,1.3125000000000002,1.4957698815566838,1.321937321937322,1.3410740203193032,1.1076923076923078,0.5576923076923077,1.194241512677267,1.3566433566433567,,0.7232142857142858,1.2923076923076922,1.278846153846154,0.8095238095238096,1.0,1.1961685823754789,,0.9557692307692309,1.1965811965811965,,1.0769230769230769,0.8785425101214575,,,1.3519163763066202,,1.2594524119947847,1.164715719063545,,,
Bryansk Oblast,0.9784735812133073,0.9205955334987592,0.6153846153846154,,,,,,1.2165242165242165,,,,1.1569230769230767,,1.3162393162393162,,,,1.0769230769230769,,,1.0598290598290598,,1.1585081585081585,,,,,0.8076923076923076,1.1842105263157894,0.9692307692307692,1.2115384615384617,,,,,,0.7977941176470587,1.5480769230769231,0.9770992366412214,0.8797814207650274,0.8633484162895926,0.9800486812178283,0.9897524467472656,,,1.0096153846153846,1.0066889632107023,0.8666666666666667,0.7244186046511629,0.9692307692307692,1.0769230769230769,,,1.0192307692307692,1.7737556561085974,0.8321678321678322,,1.0625000000000002,0.8498896247240618,1.2962962962962963,1.8269230769230769,0.9583333333333333,,1.6276223776223775,1.1489361702127658,1.3216783216783214,0.6865384615384615,1.3603238866396758,0.9635627530364372,,1.1729729729729732,1.614123581336696,,1.0853365384615385,1.0230769230769232,,0.9871794871794871,0.7717948717948717,,,1.155448717948718,,0.9266547406082289,1.2380375529981829,,,
Vladimir Oblast,1.0769230769230769,1.0338461538461539,,,,,0.9300699300699302,,1.1958333333333335,0.8500000000000001,,1.3499999999999999,0.9098039215686275,0.8749999999999999,1.1092307692307692,,1.041025641025641,,1.1085972850678734,,1.3645484949832776,1.1487179487179489,,1.0067567567567568,,0.6944444444444445,0.6955128205128206,,0.7272727272727274,1.3269230769230769,1.1487179487179489,0.9502262443438912,,,0.979020979020979,1.1666666666666667,,0.89147781678902,1.0874811463046758,1.2711223203026483,1.0864093959731542,0.7232392181197642,0.8665743085080975,1.5350150602409636,,,0.985858585858586,0.8938461538461538,1.57396449704142,1.1062801932367148,,1.0769230769230769,,,1.4328552803129073,1.5854700854700852,1.4685314685314683,,0.9333333333333333,1.4170506912442395,1.3057692307692308,1.3608391608391608,1.232998885172798,1.2469635627530364,1.6752136752136753,1.9811320754716981,,1.02,1.2997347480106103,0.9572649572649572,1.1818181818181819,1.3613933236574747,2.450928381962865,,1.0540098199672667,1.215880893300248,,0.7935222672064777,0.8241758241758241,,,0.8772687986171133,,1.0965034965034965,1.2805898764447987,,,
Volgograd Oblast,2.5728619206880077,,1.4269230769230767,,,,,,1.4979757085020242,,,0.8193979933110369,1.0135746606334841,,0.8653846153846154,,1.0230769230769232,,0.8176638176638176,,1.1471571906354516,0.9027149321266968,,0.972972972972973,0.8076923076923077,0.8321678321678322,0.688034188034188,,,0.8448500651890481,1.7090301003344481,1.1166253101736971,0.9090909090909092,,1.2384615384615383,0.8076923076923077,,0.793800539083558,0.9604989604989604,1.1682070240295745,1.0610601655110714,1.0035087719298244,0.7761117949100494,1.057582668187001,,,0.8067226890756303,1.7435897435897436,1.0017889087656529,0.8943014705882352,1.0,1.0478170478170479,,1.4538461538461536,1.2311426437640032,1.7153053132434575,0.8868778280542985,,0.6904761904761906,0.7772503814205798,1.4488188976377954,1.462686567164179,1.1677479147358665,0.9230769230769231,2.2645074224021595,1.482051282051282,1.0,0.8811188811188809,1.043956043956044,1.0610859728506787,1.6538461538461537,1.041025641025641,3.053721682847897,,1.162473040977714,1.3921200750469043,0.8811188811188811,0.9273504273504274,1.1878354203935597,,,1.0735541830432338,,1.1307692307692307,1.1826484018264842,,,
Vologda Oblast,1.0784708249496984,0.9760403530895331,,,,,,,0.7777777777777779,,,0.7692307692307692,1.1846153846153846,,1.0031612223393045,,1.1666666666666665,,1.0384615384615383,,1.1923076923076923,1.048582995951417,,1.0058055152394776,,,0.8461538461538461,,,0.7567567567567568,0.8662207357859533,0.9459459459459459,,,,0.5923076923076923,,1.0668016194331982,1.1459566074950691,0.8568306010928963,1.129674796747968,0.8510769230769232,0.40157373490706827,1.2084978676354448,,,1.0879120879120878,1.817307692307692,0.7612732095490717,1.6658653846153844,,1.495726495726496,,,1.1352564102564102,1.6923076923076923,0.979020979020979,,1.2186234817813764,1.0695652173913044,0.9815705128205129,1.7835497835497838,0.94726368159204,1.4195804195804196,1.1979166666666667,1.4433962264150946,1.0769230769230769,1.1136363636363638,1.297202797202797,1.431818181818182,1.088757396449704,1.0595533498759304,2.144399460188934,,1.1603466955579633,0.8710407239819004,,1.1258741258741258,1.0968660968660968,,,0.9527027027027029,,1.326454033771107,1.024132730015083,,,
Voronezh Oblast,0.7420396862021228,0.8376068376068376,0.9832775919732442,,,,,,1.2463768115942024,0.8284023668639052,,0.8974358974358975,1.1183431952662723,0.9153846153846154,1.1168091168091168,,1.071225071225071,,0.8905325443786981,,0.6451612903225807,0.7142857142857143,,0.9619118745332338,0.7897435897435897,0.9392712550607286,0.8321678321678321,,,1.200750469043152,0.9660633484162895,0.9459459459459459,0.6740740740740742,1.3461538461538463,1.0769230769230769,1.2653846153846153,,1.1448979591836737,0.8822916666666669,1.0505200594353639,0.9265605875152998,0.6683011370841612,0.39991570581328834,1.3976075042158513,,,0.9839572192513368,1.5026833631484793,0.6955128205128206,1.4264117385504667,0.9112426035502958,1.0355029585798816,,,1.1891891891891893,1.3936651583710407,0.908653846153846,,0.8785425101214575,0.9924242424242423,0.7653631284916201,1.1063218390804597,0.9457302474062249,1.1993006993006994,1.2388993120700438,1.2361673414304994,1.076923076923077,0.9679487179487181,1.0555555555555556,1.3144796380090498,0.8968749999999999,1.4705294705294705,1.6755555555555557,,1.036739380022962,1.271137026239067,,1.1503496503496504,1.127906976744186,,,1.2612612612612613,,0.9408602150537634,1.1478237065425678,,,
Ivanovo Oblast,1.2555555555555558,1.1794871794871795,,,,,,,0.9605263157894737,,,0.7897581792318634,0.49054373522458633,0.9692307692307692,1.3035714285714286,,0.6458333333333334,,0.6955128205128206,,0.7725752508361204,0.8662207357859533,,0.7019230769230769,0.9846153846153847,,1.4195804195804196,,,1.1208791208791207,0.7443438914027148,1.2876254180602007,,,,0.908653846153846,,0.8892307692307692,0.8846153846153846,1.003040935672515,0.8680555555555555,0.7000618429189858,1.0581521739130433,1.1764491432737878,,,1.0555555555555556,1.2669683257918551,0.6892307692307692,1.2931611669057865,,1.1307692307692307,,,1.0769230769230769,1.6393162393162393,0.9300699300699302,,0.9352226720647773,1.0600441501103752,1.3571428571428572,1.0128205128205128,1.065466448445172,1.2564102564102566,1.1513761467889907,0.7913752913752914,0.7869822485207101,0.9205955334987592,1.1038461538461537,1.3619909502262442,1.0,0.9891304347826088,1.3151515151515154,,0.9989878542510121,1.1025641025641024,,1.174825174825175,1.1217948717948718,,,1.125,,1.0187110187110189,1.15702479338843,,,
Irkutsk Oblast,1.0957504034427112,1.086803105151729,1.032051282051282,,,1.794871794871795,0.9615384615384616,,1.0309007232084153,0.7897435897435897,,1.4000000000000001,0.9326923076923077,0.7083333333333334,0.9655172413793105,,1.076923076923077,,0.6612903225806451,,1.3589743589743588,1.4153846153846152,0.979020979020979,0.9507042253521129,,1.2923076923076924,1.0000000000000002,,,0.7992788461538461,0.883076923076923,1.1503496503496504,1.1677018633540373,,1.3461538461538463,1.153846153846154,,1.0134274233068705,0.9490384615384616,1.1363951073159475,1.120824053452116,0.6452287946428573,1.0318451451763972,1.3181230610134436,1.5,,1.0766666666666667,1.391025641025641,1.294378698224852,1.0369785498091855,1.0384615384615383,1.333333333333333,,1.2115384615384612,1.0346994535519127,1.403703703703704,1.1052631578947367,,0.9692307692307692,0.9330568720379145,1.142248062015504,1.347985347985348,1.111940298507463,0.8440748440748441,1.6020185488270597,1.5166666666666666,0.9502262443438912,1.2267441860465114,1.1503496503496504,1.0096153846153846,0.8952380952380954,0.9553571428571428,1.6699423924093526,,0.8637251073799297,0.8629032258064515,1.174825174825175,0.8,1.3289689034369885,,,0.9692307692307692,,1.2233009708737865,1.0682780522230062,,,
Kaliningrad Oblast,0.6596153846153846,1.0230769230769232,0.9743589743589745,,,,0.7628205128205128,,0.919254658385093,0.6018099547511312,,1.041025641025641,0.9692307692307692,,1.4333333333333333,0.9871794871794871,1.041025641025641,,0.7285067873303166,,1.1336032388663968,0.962962962962963,,1.0769230769230769,,0.8615384615384616,0.7628205128205128,,,0.6611111111111112,0.9391771019677996,1.053191489361702,1.0355029585798816,,,1.1217948717948718,,0.7452907452907452,0.7362637362637363,0.8253546099290779,1.2692307692307692,0.8532590529247912,0.8803452855245686,1.4409266409266412,0.841346153846154,,0.9566666666666666,1.9185520361990944,1.1816239316239314,0.898259705488621,0.8974358974358972,1.118343195266272,,,1.0572916666666667,1.5314685314685315,0.8076923076923076,,0.8461538461538461,0.9096713615023475,1.239477503628447,1.091093117408907,0.8776923076923077,0.8566433566433568,1.2231718898385564,1.152439024390244,1.1258741258741258,0.9692307692307692,0.7858627858627858,1.2287968441814596,0.7894736842105262,1.1440677966101696,1.5337995337995338,,0.9765319426336374,1.327188940092166,,1.2011834319526626,1.106029106029106,,,1.153846153846154,0.9692307692307692,0.7551020408163266,1.2051282051282053,,,
Kaluga Oblast,1.3031674208144797,0.8321678321678322,,,,,0.9692307692307691,,1.0833333333333335,1.2923076923076924,,1.3706293706293706,1.017857142857143,,0.782051282051282,,0.9273504273504274,,1.4195804195804196,,0.8974358974358975,0.75,,1.0012019230769231,1.3076923076923077,0.7307692307692308,0.7368421052631579,,0.717948717948718,1.076923076923077,1.027972027972028,1.0907297830374754,,,,1.1778846153846156,,1.1126620139581256,1.0646853146853148,1.0565742397137745,1.4152806652806653,0.657546739626083,1.1047180667433834,1.6263736263736264,,,1.3,1.9580419580419581,1.0,0.45077658303464757,,1.0769230769230769,,0.7692307692307692,1.3344481605351168,1.6442307692307692,1.1258741258741258,,1.1258741258741258,1.4921465968586387,1.110576923076923,1.698224852071006,1.244031830238727,1.0230769230769232,1.187159297395518,1.2627118644067798,,0.9605263157894737,0.7794871794871796,0.8076923076923075,0.9644444444444445,1.1045364891518739,1.2523768366464996,,1.52991452991453,0.8731808731808731,,0.8076923076923078,1.0294117647058822,,,1.2222222222222223,,1.0769230769230769,1.4146772767462423,,,
Kamchatka Krai,1.0968660968660968,0.8811188811188811,1.5000000000000002,,,,,,1.1511936339522548,,,,0.7307692307692308,,,,,,,,,,,1.0096153846153846,,,,,,1.1597633136094674,0.5923076923076923,1.1390532544378698,,,,0.8615384615384616,,0.9645484949832775,0.9476923076923076,1.277177368086459,0.940760389036251,1.0810810810810814,0.8258223258223258,1.1803076923076923,,,1.0769230769230769,1.032051282051282,0.9953379953379954,1.1474358974358976,,0.9112426035502958,,,1.2620192307692308,0.8974358974358975,,,1.0769230769230769,1.2307692307692306,1.326454033771107,0.7959866220735786,1.0116550116550116,,1.5384615384615383,1.1199999999999999,,0.9733727810650887,1.1258741258741258,1.3064312736443884,1.227272727272727,1.1538461538461537,1.0026525198938991,,1.3326923076923076,0.8974358974358975,,0.8615384615384616,,,,1.2115384615384617,,1.1804733727810652,0.9736842105263157,,,
Kemerovo Oblast,1.0894736842105264,1.1666666666666667,1.5076923076923077,,,1.1217948717948718,0.9153846153846154,,1.2004950495049505,,,0.84,1.1796296296296296,,1.554655870445344,,1.7396449704142012,,1.2186234817813764,,1.027972027972028,1.3344481605351173,,0.9704830053667263,0.8076923076923076,,0.9273504273504274,0.9300699300699302,0.717948717948718,0.9658119658119659,1.0128205128205128,1.3498759305210917,1.6948051948051948,,1.2237762237762237,0.7578347578347578,,0.9025787965616047,0.9655172413793105,0.9310897435897436,1.2705684367988033,0.8223992502343018,0.5133333333333333,1.0593630573248407,,,1.053191489361702,1.7579185520361988,1.2000000000000002,0.7724867724867727,0.841346153846154,1.5,,0.5494505494505494,1.2384615384615385,2.090497737556561,0.8076923076923077,,1.3986013986013985,1.3908730158730158,0.9672619047619048,1.3580246913580247,1.0153846153846153,0.9502262443438912,1.4244712990936557,1.4951923076923077,1.3706293706293706,0.967930029154519,0.7167755991285403,0.8592471358428805,1.4685314685314688,1.3878787878787882,3.7393162393162394,,1.1609383524277141,0.8787878787878789,,0.9692307692307692,0.945054945054945,,,0.923951048951049,,1.0197413206262762,1.180877690639079,,,
Kirov Oblast,0.8220338983050848,1.1771019677996422,,,,,,,0.7933333333333334,,,1.0769230769230769,0.8576576576576578,,1.2738970588235294,,1.4911242603550294,,1.0135746606334841,,0.9117647058823529,0.9705882352941175,,0.8787878787878789,,0.8500000000000001,1.3282051282051284,,,0.8929110105580694,1.4807692307692308,1.244031830238727,0.9090909090909092,,,0.747863247863248,,1.117823639774859,1.1217948717948718,1.0125223613595706,0.9339539007092199,0.8456763698630134,0.7059748427672956,1.202020202020202,,,0.9035460992907802,2.18974358974359,0.9423076923076923,0.900662251655629,0.7067307692307693,1.2642140468227423,,0.8321678321678322,1.5266272189349113,1.6153846153846154,0.8321678321678322,,,0.9785858585858587,1.3589743589743588,1.5049309664694281,0.8636363636363636,1.1217948717948718,1.632478632478632,1.8621794871794874,,1.0606060606060606,1.2923076923076924,1.1471571906354516,0.7869822485207101,1.2739212007504692,2.14626218851571,,0.942528735632184,1.0264423076923077,,0.7897435897435897,0.9230769230769231,,,1.08560794044665,,0.9819004524886878,1.1915632754342431,,,
Kostroma Oblast,1.3636363636363635,0.8958333333333333,,,,,,,1.1925465838509317,,,0.65625,0.7777777777777779,,1.1056910569105691,,,,,,0.979020979020979,0.7692307692307692,,1.3216783216783217,,,,,,0.9851851851851854,0.8448275862068967,0.7269230769230768,0.7307692307692308,,,0.7740384615384616,,0.8010498687664043,1.1468531468531469,1.078358208955224,1.0211267605633805,0.6266666666666666,0.7746031746031745,1.4822485207100593,,,1.153846153846154,1.2727272727272727,1.1217948717948718,1.0055555555555555,,1.5174825174825175,,,1.128698224852071,1.4482758620689657,,,1.0355029585798816,0.8433734939759038,0.9090909090909091,1.014792899408284,0.9526627218934911,,1.4358974358974361,1.3144796380090498,,1.1923076923076923,1.1128205128205129,1.2205128205128206,,1.4933333333333336,3.3333333333333335,,1.0769230769230769,0.7807692307692308,0.8811188811188811,0.8284023668639052,1.1705685618729098,,,1.0610859728506787,,1.0769230769230769,1.1333333333333333,,,
Kurgan Oblast,1.1750503018108651,1.1590909090909092,1.0769230769230769,,,,,,0.9840848806366048,,,,1.4583333333333335,,1.1,,1.2115384615384612,,,,1.0769230769230769,0.8974358974358975,,1.435897435897436,,,0.8698224852071006,,,1.5222672064777325,1.1923076923076923,1.5,1.4195804195804196,,0.7455621301775147,0.7041420118343195,,1.1147540983606559,0.918552036199095,1.0691939639308061,1.1384615384615384,0.8879629629629631,0.810883590462833,0.9193618881118881,,,1.1321499013806706,0.7725752508361204,1.1076923076923078,1.4095238095238096,0.9153846153846154,1.1442307692307694,,0.4650349650349651,1.0769230769230766,1.1771019677996422,,,1.2564102564102566,1.6228632478632479,1.599067599067599,1.7750000000000001,1.68561872909699,,1.7378048780487807,1.5946745562130178,,1.0434782608695652,0.7651821862348177,,1.3181818181818183,1.5919732441471572,1.7156862745098038,,0.9967266775777415,1.9271255060728745,,0.9692307692307692,0.7725752508361204,,,1.7603550295857988,,1.4871794871794872,0.8492063492063492,,,
Kursk Oblast,1.2505175983436851,0.8284023668639052,0.9230769230769231,,,,,,1.1258741258741258,,,1.0384615384615383,0.8928571428571429,,1.020242914979757,1.0230769230769232,1.1597633136094674,,1.027972027972028,,0.9583333333333333,1.1778846153846156,,1.0555555555555556,,0.7832167832167832,,,,1.6961538461538463,1.0769230769230769,1.3353846153846154,,,0.7628205128205128,0.7000000000000001,,1.1858603823921743,1.3361823361823362,0.8515272244355911,1.0604838709677418,0.4605607476635514,1.4372863247863246,0.7896914132379247,,,1.24009324009324,1.0524475524475525,1.2840236686390532,1.3961538461538459,,0.9285714285714287,,,0.8792067307692308,1.4901610017889086,0.7869822485207101,,1.171945701357466,1.5496368038740922,1.0980392156862746,1.6378205128205128,1.8666666666666667,0.8256410256410256,1.2769230769230768,1.3717948717948716,,1.2115384615384615,1.2384615384615383,2.1,0.9615384615384616,0.9535256410256411,1.7867132867132867,,1.9979757085020242,0.8491124260355029,,1.027972027972028,0.8698224852071006,,,1.1748251748251748,,1.017094017094017,1.0461538461538462,,,
Leningrad Oblast,1.3165195460277428,1.2068965517241383,1.4583333333333335,,,,1.4195804195804196,,1.238556338028169,0.7041420118343195,,0.979020979020979,0.9862288135593218,0.8846153846153846,0.8303030303030304,1.1249999999999998,0.717948717948718,,1.16256157635468,,0.8076923076923075,0.7674074074074074,,1.2450805008944543,0.8999999999999999,0.8321678321678322,1.0,0.6820512820512822,,0.9695121951219513,1.303076923076923,1.1558441558441557,0.8868778280542985,0.8076923076923076,,0.8974358974358975,,0.6950354609929077,1.2133526850507983,0.7942130207034173,1.1328124999999998,0.7199310344827585,0.4497692342160685,1.5582722086389569,1.6363636363636365,,0.8441901408450705,1.5049309664694281,0.9473684210526314,0.5101809954751132,0.7269230769230768,1.1511936339522548,,1.0769230769230769,1.0257842715943273,1.2832167832167831,0.5653846153846154,,1.053511705685619,0.8122033898305084,1.1190373871938117,0.8787163756488909,0.7238095238095238,1.75,1.4927884615384615,1.2564102564102564,1.7132867132867136,0.9115384615384614,1.2906976744186047,1.076923076923077,0.62,0.9680207433016423,0.9884259259259259,,0.9992603550295858,0.8666666666666668,,1.1666666666666667,1.039355992844365,,,1.0708041958041958,1.0769230769230769,1.1020848310567937,1.1949235274975591,,,
Lipetsk Oblast,1.2327935222672064,,,,,,,,1.0454545454545454,,,1.0096153846153846,0.5925925925925927,,1.2564102564102564,,1.1597633136094674,,1.2692307692307692,,0.918552036199095,1.2027972027972027,,1.2923076923076924,,,,,,1.1384615384615384,1.1052631578947367,1.1347517730496457,,,0.8525641025641025,1.5256410256410255,,1.042152466367713,1.1428571428571428,0.970111687903099,1.5230769230769228,1.488956433637285,1.001204611942867,1.1368078175895766,,,1.155722326454034,1.0769230769230769,0.6312997347480107,0.9059829059829059,,0.7692307692307694,,,1.5275919732441472,1.9962476547842403,1.5,,1.2564102564102566,1.5267973856209152,1.7599999999999998,0.8633952254641911,1.4325108853410742,1.1538461538461537,1.3461538461538463,1.3934426229508194,,1.2753036437246963,1.7769230769230768,1.360323886639676,1.4666666666666668,1.6632653061224492,1.3173076923076923,,1.4257854821235103,1.8689458689458687,,,1.6153846153846156,,,1.6878698224852071,,1.2074592074592074,1.4055944055944056,,,
Magadan Oblast,1.1778846153846156,0.8811188811188811,1.1307692307692307,,,1.3036437246963564,,1.032051282051282,1.1778846153846156,,,,1.0230769230769232,,,,,,,,,,,,,,,,,,,1.669230769230769,,,,,,1.128698224852071,,1.4525939177101967,1.1153846153846154,1.4242424242424243,0.6048197492163009,1.7006410256410256,,,1.3461538461538463,,,0.9832775919732442,,,,,1.6982248520710057,,,,,1.364864864864865,1.3812709030100334,1.0,2.352941176470588,,2.1923076923076925,1.1487179487179489,,1.5794871794871794,,1.3461538461538463,,1.532544378698225,1.3125,,0.9871794871794872,,,,,,,1.242603550295858,,0.7427055702917773,1.2794117647058822,,,
Moscow Oblast,1.0119363395225465,0.9055944055944056,0.8076923076923076,,,,0.9871794871794872,0.9423076923076923,1.2239534151715454,0.6381766381766382,0.6627218934911243,1.4281481481481482,0.8132793522267204,0.7513416815742396,1.1811391223155927,1.0678733031674206,1.0176429075511644,,1.1941747572815535,0.7342657342657342,0.807816091954023,0.7988728425501938,2.102564102564102,0.649802371541502,1.094017094017094,0.9380053908355795,1.0733333333333335,0.7179487179487181,1.189102564102564,0.7943262411347518,1.4088235294117648,0.9987577639751554,1.206349206349206,0.9352226720647773,0.875,0.9034090909090909,0.717948717948718,0.7336597307221542,0.8368298368298369,0.883501040943789,0.36145586389624873,0.6177098550398922,0.7308791887569538,1.1935240151106314,0.9819004524886876,0.7935222672064777,1.1012110726643598,1.3290816326530615,0.7834658187599364,0.9557736580637345,1.014792899408284,0.8168316831683169,0.8552036199095021,0.9321428571428572,0.9532793981550584,1.5446199045170768,0.7569105691056911,0.979020979020979,1.37109375,0.9507370054305664,0.9067919075144507,0.9630794701986753,0.9591977869986167,0.9582071471835251,0.8375996810207335,1.0986486486486489,1.0948275862068968,1.2188571428571426,1.229957805907173,1.2205882352941178,1.3374613003095972,1.0051407874751723,1.1401395837193502,1.1336032388663968,1.0792492179353494,1.164814814814815,1.5384615384615383,0.9104895104895105,0.9794331983805669,1.2307692307692308,,1.0594207226037622,1.2036199095022624,1.1270125223613596,1.2657738095238096,,,
Murmansk Oblast,1.2205128205128206,,0.7852564102564104,,,,,,0.9919028340080972,0.8615384615384616,,0.7869822485207101,0.918552036199095,,1.0769230769230769,,1.1597633136094674,,,,,0.875,,0.7628205128205129,,,,,0.8615384615384616,0.8076923076923077,1.2205128205128206,0.9285714285714287,,,,1.0769230769230769,,1.1923076923076923,0.9647435897435898,1.066568047337278,1.1490909090909092,0.6437081161578555,0.8057692307692308,1.211309523809524,1.0769230769230769,,2.571428571428571,1.1307692307692307,0.9076923076923077,0.9864864864864863,0.9871794871794871,1.1923076923076923,,,1.0579710144927537,2.0396270396270393,0.7628205128205128,,0.8823529411764705,0.9396984924623116,1.154899894625922,1.0769230769230769,0.9266547406082289,1.1307692307692307,1.2459749552772807,1.4473684210526316,,0.9871794871794872,0.9526627218934911,1.190828402366864,1.242603550295858,1.2681481481481478,1.699145299145299,,1.2980769230769231,1.297202797202797,,,1.0769230769230769,,,0.9907692307692306,,1.0432692307692308,1.1884615384615385,,,
Nizhny Novgorod Oblast,1.5047619047619047,1.2360360360360363,1.3254437869822486,,,,0.9743589743589745,,1.2307692307692304,0.8698224852071006,,1.1111111111111112,0.8263888888888888,1.3668639053254437,1.2507936507936506,0.7897435897435897,0.7823529411764707,,0.993006993006993,,1.1330128205128205,1.4714285714285715,1.0769230769230769,1.2530120481927711,0.717948717948718,0.7403846153846154,1.1360946745562128,1.163076923076923,0.9,0.8461081402257873,1.3410740203193032,1.0890233362143475,1.3846153846153846,0.8811188811188811,1.2115384615384612,1.0153846153846153,,0.7442025137192422,0.7392857142857143,0.8614157527417746,1.2578625954198472,0.8171483408998634,0.5135737439222042,1.2075313807531378,1.0769230769230769,,1.6648764769065525,0.8863172226004085,1.1047745358090186,1.2559366754617416,1.5739644970414202,0.9813895781637718,0.9692307692307692,0.9423076923076923,1.0714285714285714,2.544279250161603,1.1336032388663968,,1.0045197740112997,0.7992079541624537,1.3406026962727993,1.2311403508771932,1.0622710622710623,1.1625874125874125,1.4702901888530633,1.291702679343129,1.7499999999999998,1.3623076923076922,1.1816239316239314,1.8621794871794874,1.0532212885154062,0.9630872483221476,1.568697198755002,0.979020979020979,1.1527259148618372,1.332620320855615,1.0454545454545454,0.8974358974358975,1.1212669683257919,,,1.1016231474947071,,1.2567567567567566,1.1605884155684953,,,
Novgorod Oblast,1.0012019230769231,1.1503496503496504,0.9615384615384616,,,,1.0230769230769232,,0.8974358974358975,,,0.7740384615384616,0.7852564102564104,,1.0865384615384617,,,,0.8284023668639052,,1.1597633136094674,,,1.0452488687782804,,,,,,1.2692307692307692,1.1442307692307694,0.8896321070234114,,,,1.174825174825175,,0.8705128205128206,1.0212201591511938,1.165680473372781,1.138621794871795,1.0714285714285714,1.3255859374999999,1.5199610516066213,,,1.242603550295858,0.9692307692307692,0.7179487179487181,1.1918604651162792,1.0230769230769232,0.8974358974358975,,1.0230769230769232,0.9823284823284824,2.055944055944056,1.0769230769230769,,0.9940828402366864,1.3325563325563325,1.4059829059829059,1.4358974358974361,1.732193732193732,0.8346153846153845,1.5132625994694962,1.563275434243176,,1.3812709030100334,0.9615384615384616,1.6923076923076923,0.7727272727272728,1.1517094017094016,0.9637681159420292,,1.1045364891518739,0.9819004524886876,,,0.923076923076923,,,1.4615384615384615,,1.0576923076923077,0.9369230769230769,,,
Novosibirsk Oblast,0.9458612975391499,1.0932400932400932,1.1846153846153846,,,0.6923076923076923,,0.8615384615384616,0.9336384439359267,0.7538461538461538,,1.1724137931034486,0.7259259259259259,0.9526627218934911,1.0865384615384617,0.75,1.2384615384615383,,0.939443535188216,0.7455621301775147,1.0357142857142858,1.5789473684210524,0.8974358974358972,1.0356164383561643,0.784,1.2307692307692308,1.1883289124668437,1.2923076923076924,0.7601809954751131,0.9487179487179487,1.532544378698225,1.0185185185185186,1.8021978021978022,,1.360323886639676,0.7580645161290323,,0.9636443276390714,0.9831932773109244,1.0393339075509618,0.870353982300885,0.9664031620553359,0.5884371293001186,1.4079579443487718,0.7538461538461538,,0.8132927447995942,1.1451612903225807,1.242603550295858,1.025257731958763,1.3846153846153846,1.1387137452711222,,0.8461538461538461,0.9530852994555356,1.5483760683760686,1.0583554376657827,,1.0057471264367819,0.9898756888376264,1.0832766054004992,1.23015873015873,1.1419354838709677,0.8211538461538461,1.5105601469237835,1.3099885189437428,1.1785714285714286,0.9580838323353293,0.9767441860465116,1.2071960297766748,0.6253369272237197,0.9611861137897784,1.1857691530220336,,1.099515868746638,0.7420814479638008,0.7628205128205128,1.129032258064516,1.2615384615384615,,,1.014718133851708,,1.040133779264214,1.0948136142625609,,,
Omsk Oblast,1.2161172161172158,1.465811965811966,1.2115384615384612,,,,,,1.0458404074702885,0.7869822485207101,,0.9230769230769231,1.3479853479853479,0.9300699300699302,0.9572649572649572,,0.9300699300699302,,1.1402714932126696,,0.8148148148148148,1.2422360248447206,0.6666666666666667,1.2718894009216588,1.2727272727272727,1.0230769230769232,0.8461538461538461,,,1.1834319526627217,1.4583333333333335,1.06763925729443,,,,1.3125,,0.877750206782465,1.1499118165784834,1.1299240796447498,0.8937585599686946,1.162308673469388,0.6200727968063335,1.463592233009709,,,1.0999999999999999,1.696969696969697,0.8698224852071006,0.5641492265696089,0.6923076923076923,1.1095571095571095,,,1.1529411764705881,1.514423076923077,1.2237762237762237,,1.0968660968660968,1.3151276276276278,1.2527472527472525,1.0687499999999999,1.2186234817813766,0.9373219373219374,1.5850515463917525,1.7692307692307692,1.0769230769230769,0.828125,1.076923076923077,1.568561872909699,1.2307692307692306,1.2536231884057973,1.936485532815808,,1.0023419203747073,0.9591836734693878,,0.9333333333333333,1.1402714932126696,,,0.7752192982456141,,1.3087606837606838,1.0784883720930232,,,
Orenburg Oblast,1.5889057750759876,1.027972027972028,1.1923076923076923,,,,,1.010989010989011,0.8082788671023964,,,0.9423076923076923,1.0846846846846847,,0.7777777777777778,,0.9871794871794872,,1.5256410256410255,,0.8615384615384616,0.7269230769230768,,1.4265734265734265,,,0.8974358974358975,,,1.0526315789473686,1.3706293706293706,1.4615384615384615,0.7330316742081446,0.9545454545454546,,0.8333333333333335,,0.7962962962962963,0.9630177514792899,1.2336802270577105,1.0145931239178827,0.6626552795031054,0.6062932525951558,1.2824489795918366,,,0.7760180995475113,1.3461538461538463,1.2249999999999999,0.9862804878048779,0.4786324786324787,1.1471571906354516,,0.9300699300699302,1.1641598624838847,1.5495049504950495,0.4846153846153846,,0.939443535188216,1.0443262411347518,0.8682634730538923,1.376068376068376,0.9802761341222881,0.7740384615384616,1.5068238213399503,1.1846153846153846,1.0384615384615383,0.722027972027972,1.2564102564102564,1.061965811965812,1.0666666666666667,0.8460013218770654,2.1581885856079404,,1.098318899643403,1.1008547008547007,0.9153846153846154,0.717948717948718,1.0627530364372468,,,1.2679900744416872,,1.0952797202797204,0.9588122605363986,,,
Oryol Oblast,0.5961538461538463,0.7832167832167832,,,,,,,1.1217948717948718,,,1.1846153846153846,0.9423076923076924,,0.8974358974358975,,,,,,0.8284023668639052,0.9333333333333333,,0.9333333333333333,,0.8321678321678322,0.8461538461538461,,,1.1442307692307694,1.041025641025641,0.7959866220735786,,,,1.0769230769230769,,0.8698224852071005,0.7179487179487181,0.8240740740740742,1.6346153846153846,0.6898734177215189,0.6854860186418108,0.8445528455284554,,,1.005128205128205,1.5203619909502262,1.3012820512820513,0.9587628865979382,,1.106837606837607,,,1.1139240506329113,1.5714285714285716,0.7041420118343195,,0.9112426035502958,0.9999999999999999,0.8877338877338878,0.9205955334987592,0.94017094017094,1.0769230769230769,1.671641791044776,1.2656250000000002,,0.9961538461538462,1.136752136752137,1.0769230769230769,,1.3110367892976589,2.201357466063348,,1.1045364891518739,1.7810650887573962,,,1.3846153846153846,,,1.9580419580419581,,1.0769230769230769,1.3717948717948716,,,
Penza Oblast,0.7744680851063831,1.1846153846153846,0.8675213675213677,,,,1.174825174825175,,1.142105263157895,,,1.0432692307692308,0.976958525345622,0.9090909090909092,0.8675213675213674,,0.7455621301775147,,1.0769230769230769,,0.8076923076923077,0.8491124260355029,,0.9491525423728814,0.9500000000000002,,1.0311111111111113,,,0.8289473684210525,1.1619433198380567,0.9687500000000001,1.174825174825175,,,0.8076923076923077,,1.1754221388367732,0.9487179487179488,1.051269288203086,1.1417283950617285,0.7806691449814126,0.7971777468383804,1.2869505494505493,,,1.078167115902965,1.425339366515837,1.1778846153846156,0.9934123847167324,,1.2469635627530364,,,1.150793650793651,1.75,,,0.8974358974358975,0.7793103448275863,1.0285996055226825,1.1709558823529411,1.010989010989011,1.3619909502262442,1.0461538461538462,1.3319838056680164,0.9692307692307692,1.0332640332640333,1.0984615384615384,0.9961538461538462,1.0769230769230769,0.9111111111111112,1.4381640458988525,,0.8782051282051282,1.1883289124668437,,0.6153846153846154,0.9137529137529137,,,1.0961538461538463,,1.2788461538461537,1.1610576923076923,,,
Perm Krai,0.7849264705882354,1.0270655270655271,0.9692307692307691,,,,1.2237762237762237,0.7869822485207101,0.8421052631578948,0.9871794871794871,,0.7777777777777778,0.9287356321839083,1.027972027972028,1.5115848007414272,,1.2492307692307691,,1.7350427350427353,,0.8615384615384616,0.8970588235294118,,1.3043766578249338,,1.1153846153846154,1.7489878542510116,,,1.0256410256410255,1.2044534412955465,1.1506849315068493,0.7909090909090909,0.9112426035502958,,0.9230769230769231,,0.8694532488114105,1.003238866396761,1.1918573230048637,1.079646017699115,0.7326902748414377,0.7292270531400966,1.905354919053549,,,1.1045364891518736,1.386039886039886,1.0588235294117647,0.8875976964212257,1.5664335664335665,0.945054945054945,,1.3461538461538463,1.3368421052631578,1.572960372960373,1.1902834008097165,,1.2683760683760683,1.27979797979798,1.5327380952380951,1.8025867937372362,1.0302356602934637,0.8313090418353577,1.4092307692307693,1.6060200668896318,1.6153846153846152,1.1611111111111112,1.5242603550295857,1.5014792899408282,1.0961538461538463,1.740566037735849,2.5648976346650767,,1.2410530645824762,0.9828282828282829,,1.2384615384615383,1.1336032388663968,,,1.3548387096774195,,1.1675053918044571,1.1365638766519823,,,
Pskov Oblast,0.7038251366120218,0.8896321070234114,1.020242914979757,,,,,,0.6581196581196581,,,0.639423076923077,0.8333333333333334,,1.3254437869822486,,,,0.8811188811188811,,0.8321678321678322,0.9940828402366864,,0.698005698005698,,,,,,1.1153846153846154,1.0384615384615383,1.2036199095022624,,,,0.8811188811188811,,0.8097475044039929,0.728,1.0559701492537314,1.5303643724696356,0.9725274725274725,1.0912698412698412,1.2628571428571427,,,0.8000000000000002,1.6452991452991454,1.0256410256410258,0.952662721893491,,1.1846153846153846,,,1.4022435897435899,2.300699300699301,,,1.2115384615384612,0.9391771019677996,1.0461538461538462,1.396011396011396,1.056980056980057,,0.9454382826475849,1.590909090909091,,1.0135746606334841,0.9352226720647773,1.0384615384615383,,0.9971509971509972,1.268065268065268,,1.0781250000000002,0.8284023668639052,,,1.0452488687782804,,,1.304733727810651,,1.0397877984084882,1.1307692307692307,,,
Rostov Oblast,1.1458972784939638,0.9230769230769231,1.0623700623700623,,,,0.9635627530364372,,1.1625,1.2205128205128206,,1.1111111111111112,1.2461538461538462,0.9166666666666667,1.2115384615384615,1.4497041420118344,1.504273504273504,,1.4807692307692308,,1.158371040723982,1.0256410256410255,0.6923076923076923,1.2069862504645112,0.8662207357859533,0.8947368421052632,1.0791666666666668,,0.9572649572649574,0.9330238726790452,1.5008183306055647,0.8425925925925927,0.8666666666666667,1.032051282051282,0.8076923076923078,2.045112781954887,,1.0266821345707657,1.309364548494983,0.7804810769061017,0.8347083926031295,0.7062064094641124,0.49281479248316745,1.511804750869061,1.3727810650887573,,0.7800943162074958,1.2640156453715774,1.2297297297297298,1.2646574720472217,1.0000000000000002,1.0683760683760684,,1.042016806722689,1.40625,2.132482043096568,0.9230769230769228,,1.1258741258741258,0.5237979601748421,1.108910891089109,1.0974712643678162,0.9090909090909091,0.9664694280078897,1.561776718856365,1.5030851501439737,1.2352941176470587,1.146997929606625,1.14508276533593,1.9905660377358492,0.9232954545454547,1.1040339702760085,2.096035242290749,1.0769230769230769,1.0143442622950822,1.5495726495726496,1.3706293706293706,0.9819004524886876,1.1457960644007155,,,0.9783653846153846,,1.565217391304348,1.2131410256410258,,,
Ryazan Oblast,1.2538461538461538,1.3461538461538463,1.0769230769230769,,,,,,1.0606060606060606,,,0.8235294117647058,0.8793103448275863,0.8615384615384616,1.2512820512820513,,1.408284023668639,,0.7897435897435897,,1.142857142857143,1.3823529411764706,,1.477638640429338,,0.8284023668639052,,,,1.2923076923076924,1.1666666666666667,1.2620192307692308,0.979020979020979,,,0.8999999999999999,,1.115021770682148,1.129032258064516,1.169230769230769,1.2351336606655756,1.0240919199406968,0.9335488041370396,1.0534979423868314,,,0.9198717948717949,1.2642140468227423,1.6153846153846154,1.0526515151515154,,0.6947890818858561,,0.8615384615384616,1.217821782178218,2.297872340425532,1.1258741258741258,,0.4909502262443438,1.1228146853146852,1.123076923076923,1.0769230769230769,1.0458579881656804,1.6153846153846154,1.1209790209790211,1.5435897435897437,,0.8389982110912344,0.9130434782608696,0.6351084812623274,0.8868778280542985,1.0454124189063947,1.5652951699463327,,1.2135476463834673,1.7272727272727273,,1.0769230769230769,1.297202797202797,0.9153846153846154,,1.5000000000000002,,1.0081833060556464,1.2406153846153845,,,
Samara Oblast,1.2835164835164834,0.9871794871794871,0.7995337995337995,,,,0.8974358974358972,0.8974358974358972,0.7669421487603306,1.1597633136094674,,1.0,0.824732229795521,1.174825174825175,0.8598639455782313,0.8974358974358972,1.1659919028340078,,0.9254807692307693,,0.8615384615384615,0.7327586206896552,0.979020979020979,1.0253164556962024,1.1538461538461537,0.8566433566433568,0.8974358974358975,1.3666666666666667,1.2500000000000002,1.0072398190045249,1.476923076923077,1.3727810650887573,0.7067307692307693,0.9300699300699302,0.9940828402366864,1.076923076923077,,1.0405321782178214,0.9404117009750813,0.6667242173112339,1.3650739320920044,0.45711135611907383,0.4336191602602011,0.8170751113940165,0.8321678321678322,,0.9810844892812106,1.4082840236686391,0.9912280701754388,1.259288537549407,0.8675213675213677,1.3626373626373627,,,0.8659062103929026,1.467005076142132,0.6935483870967741,,0.983606557377049,0.9383202099737532,1.055153949129853,0.968840579710145,0.8016304347826088,1.0101596516690856,1.523001508295626,1.482078131292791,1.1128205128205129,1.282395456892101,0.9935064935064937,0.8719512195121952,1.7857142857142856,0.9689119170984456,2.3583690987124464,,1.0792540792540792,1.2580645161290323,1.1846153846153846,1.037037037037037,0.9564777327935222,,,1.0467032967032968,,1.031708749266001,1.1569018201142554,,,
Saratov Oblast,0.9810924369747898,1.027972027972028,0.9523809523809526,,,,0.7916666666666667,0.717948717948718,1.3479452054794518,,,1.408284023668639,1.3,,1.053511705685619,,0.9919028340080972,,0.6538461538461539,,1.0344827586206897,0.7714285714285714,,0.7717391304347827,0.760180995475113,1.1258741258741258,1.0769230769230769,0.9153846153846154,,0.7734265734265734,1.9115384615384616,1.042183622828784,,0.8974358974358972,0.8811188811188811,0.8615384615384615,,1.461206896551724,0.8750000000000001,1.1329537014112405,1.1481481481481481,0.8331210191082803,0.5926792069140823,1.2472689075630252,,,1.257142857142857,1.8137651821862348,0.935897435897436,0.9390749601275914,1.136752136752137,1.0021367521367521,,1.3499999999999999,1.433300876338851,1.5555555555555554,0.8884615384615384,,1.3793103448275865,1.261346153846154,1.3759689922480622,1.5009487666034154,1.0829931972789117,1.2061538461538461,1.8557692307692308,1.670814479638009,0.9112426035502958,1.4077976817702846,1.26,1.1965811965811965,1.4017094017094016,0.6189473684210527,1.282258064516129,,1.2254901960784315,1.071875,,0.9919028340080972,0.9715719063545152,,,1.1028106508875741,,1.0089068825910932,0.8919354838709678,,,
Sakhalin Oblast,1.2647584973166368,0.680161943319838,0.6255319148936171,,,,0.7041420118343195,,1.0104166666666667,,,1.0230769230769232,,,0.841346153846154,,0.9871794871794871,,0.9153846153846154,,1.2727272727272727,0.7107692307692307,,1.2264957264957266,,,,,,1.0384615384615383,1.3706293706293706,0.9112426035502958,,,,0.8615384615384616,,0.785425101214575,0.9538461538461538,0.9568527918781726,1.4292803970223322,1.206917113893858,0.6610389610389612,1.4938640132669982,,,0.7400000000000001,0.8974358974358975,1.4583333333333335,1.2952380952380953,,0.7455621301775147,,,1.602251407129456,1.6360946745562128,,,0.979020979020979,1.1362810417928528,1.190828402366864,1.2707692307692307,1.0066889632107023,,1.2144026186579377,1.3936651583710407,0.9153846153846154,0.9130434782608696,1.0769230769230769,1.1019677996422181,0.7647058823529411,1.0932400932400932,1.2620192307692308,,1.023076923076923,1.5020242914979756,,0.7455621301775147,1.242603550295858,,,1.1688555347091933,,1.2061538461538461,1.3651903651903652,,,
Sverdlovsk Oblast,1.1725571725571726,0.987012987012987,1.2692307692307692,,,1.1153846153846154,1.0,0.6923076923076923,0.8161189358372458,0.65625,,0.7727272727272727,0.7855203619909501,1.3216783216783214,1.1146881287726358,1.1778846153846156,1.3133208255159476,,1.144736842105263,,1.1145833333333333,0.9885964912280703,1.112781954887218,1.2389610389610388,1.884615384615385,1.187782805429864,0.9333333333333335,0.9615384615384616,0.9692307692307691,1.092307692307692,1.3698630136986303,1.12,0.735,,0.908653846153846,0.9128205128205127,,1.1337086558761433,1.06140350877193,0.7547865975269246,0.4445824135393671,0.5318387577142771,1.028939529702371,1.1016682404784388,,,0.8801742919389978,1.3708439897698208,0.932926829268293,1.0497737556561086,1.0544871794871795,1.0419580419580419,,0.5128205128205129,0.8590148254423721,1.12,0.8222591362126245,,1.0945945945945947,0.9787146950470734,1.1512048192771085,1.4201438848920862,1.3333333333333333,1.32737030411449,1.2914600550964188,1.2978303747534516,1.4333333333333333,1.1975620008406893,1.691326530612245,1.1030534351145038,0.712121212121212,0.8928240740740742,1.784914841849148,1.174825174825175,0.9368435992052228,1.2857142857142856,1.391025641025641,1.174825174825175,1.0140186915887852,,,0.7898734177215189,,1.2479638009049774,1.240480769230769,,,
Smolensk Oblast,1.3370786516853934,1.6153846153846156,1.0,,,,0.747863247863248,,0.7466666666666666,,,0.717948717948718,0.7121588089330024,,1.3865384615384615,,1.4538461538461536,,0.7179487179487181,,0.8166666666666669,1.172268907563025,,0.9022869022869023,,0.6538461538461539,0.9112426035502958,,,0.7041420118343196,1.0544871794871795,1.1766381766381766,0.8615384615384616,,,1.3706293706293706,,0.8631284916201117,0.7386363636363638,0.8348958333333334,1.0617977528089888,0.4668174962292609,0.8002998500749626,1.178337357709555,,,1.0364779874213836,1.8205128205128205,1.2115384615384615,1.0390625,,1.330316742081448,,,0.8393665158371041,1.2451923076923077,0.9871794871794871,,0.9423076923076924,1.2059758423394789,1.1304347826086958,1.389010989010989,1.141025641025641,,1.4593817397555713,1.0320512820512822,,1.6153846153846156,1.417004048582996,0.9832775919732442,1.0769230769230769,1.053191489361702,1.760914760914761,,0.8342361863488624,1.0192307692307692,,0.8321678321678322,0.7427055702917773,,,1.0475524475524476,,0.8446455505279036,0.9829931972789115,,,
Tambov Oblast,0.8276041666666666,1.1666666666666665,0.8846153846153846,,,,,,0.8444444444444441,,,1.5076923076923077,1.990909090909091,,0.9364548494983278,,,,1.027972027972028,,0.8846153846153846,1.6602564102564101,,1.9109311740890684,,,,,,0.7285067873303166,1.3254437869822486,1.3846153846153844,1.1076923076923078,,,1.3461538461538463,,1.1624242424242426,0.8307692307692307,1.0844017094017093,1.3350515463917525,1.3702623906705542,0.602492973237199,1.1376975169300225,,,1.076923076923077,1.5555555555555558,1.0769230769230769,1.1208333333333333,,1.0470085470085473,,,1.259049773755656,1.5103189493433398,0.8284023668639052,,0.6222222222222223,0.9999999999999999,1.1277213352685052,0.9531250000000001,0.7195121951219513,1.2115384615384612,1.4358974358974357,0.9615384615384616,1.1846153846153846,1.0553846153846154,1.0524475524475525,1.2115384615384617,0.9166666666666666,0.782051282051282,1.3939393939393938,,0.923076923076923,0.8269230769230769,,,1.4358974358974361,,,1.2753036437246963,,1.386946386946387,1.3919803600654665,,,
Tver Oblast,1.2538461538461538,1.596816976127321,0.6018099547511312,,,,0.9153846153846154,,1.3353846153846154,,,0.7179487179487181,1.0,,1.349206349206349,,0.9526627218934911,,0.8461538461538461,,0.9068825910931174,1.1804733727810652,,0.5764705882352942,,,0.8974358974358975,,1.0769230769230769,1.1140583554376657,1.048582995951417,1.4975961538461537,1.174825174825175,,,0.8502024291497975,,0.7690789473684212,0.9560439560439561,0.8456565656565657,0.8489469862018882,0.5503308951584813,0.8736334405144693,1.1770833333333333,,,0.9266666666666667,1.3110367892976589,0.7567567567567568,0.8976034858387799,,0.75,,,1.1947115384615385,1.4088514225500526,,,0.8,1.2472806381435826,1.0713141025641026,1.3846153846153846,0.7467532467532468,0.8376068376068376,1.3295454545454546,1.1976127320954908,,1.1846153846153846,1.0096153846153846,1.773755656108597,0.9481481481481483,0.9595827900912646,1.6253561253561253,,0.8629191321499013,0.926153846153846,,0.9615384615384616,1.0060728744939271,0.7832167832167832,,0.9835897435897436,,1.0965034965034965,1.1794871794871795,,,
Tomsk Oblast,1.444871794871795,1.2397137745974953,1.435897435897436,,,,1.1692307692307693,,1.266106442577031,0.8076923076923076,,1.0170940170940173,0.9512820512820512,,0.8511166253101736,,1.0452488687782804,,1.076923076923077,,0.9940828402366864,0.9153846153846154,,1.1597633136094676,1.174825174825175,,1.098901098901099,,,1.0769230769230769,1.6643356643356644,1.037037037037037,,,,0.5555555555555556,,1.3501131221719458,0.7374581939799332,1.277526395173454,1.613636363636364,0.8886363636363638,0.7957021791767552,1.395714285714286,,,0.8934426229508197,1.2564102564102566,1.108695652173913,0.9751506024096384,0.7692307692307692,1.817307692307692,,,1.1983695652173914,2.094017094017094,0.8846153846153846,,1.1038461538461537,1.6833578792341681,1.209694415173867,1.4456521739130435,1.081967213114754,0.7897435897435897,1.6582709326072158,1.5964912280701755,1.2115384615384612,1.0000000000000002,0.9692307692307692,0.9476923076923076,0.7179487179487181,1.0066889632107023,2.8107692307692305,,1.2252747252747251,1.4423076923076923,,0.6192307692307691,1.25,,,1.1421911421911422,,1.2276923076923076,1.319148936170213,,,
Tula Oblast,0.8850574712643678,1.0355029585798816,,,,,1.2237762237762237,,0.9223529411764705,0.8076923076923076,,1.076923076923077,1.2968750000000002,0.979020979020979,0.9423076923076923,,1.2352941176470587,,0.5714285714285715,,0.9130434782608696,0.8269230769230769,,0.721777777777778,0.9300699300699302,0.8666666666666667,0.8868778280542985,,,1.1481481481481481,0.9655172413793105,0.9310344827586207,1.174825174825175,,,1.3192307692307692,,0.9433333333333335,0.8665865384615385,0.9460761460761461,1.0982658959537572,1.0231366459627331,0.5920829085966701,1.139209225700165,,,1.257142857142857,1.5076923076923077,1.1982248520710057,1.4992846924177399,1.0769230769230769,1.3589743589743588,,,1.0674846625766872,1.4603174603174602,,,1.5734265734265733,1.3417658730158728,1.5128205128205128,1.2692307692307692,0.9778956675508399,0.9364548494983278,1.0867132867132867,1.350717079530639,0.8846153846153846,0.8827238335435056,1.0230769230769232,1.6360946745562128,1.7142857142857142,1.0285714285714287,1.0512820512820513,,1.015224358974359,1.4047619047619047,,1.1258741258741258,1.0416666666666667,,,1.1224268689057422,0.8615384615384616,1.0239596469104666,0.8498609823911029,,,
Tyumen Oblast,1.1565217391304348,0.6820512820512822,1.1487179487179489,,,,1.0769230769230769,0.8076923076923078,0.8932676518883417,0.7869822485207101,,0.7959866220735786,0.9153846153846154,,1.1965811965811965,0.9153846153846154,1.0769230769230769,,0.6182336182336182,,0.9772727272727272,1.0769230769230769,,0.9438202247191012,0.8811188811188811,1.027972027972028,1.6094674556213016,0.717948717948718,,0.9130434782608695,1.1811414392059554,1.0629370629370631,1.1597633136094674,0.7628205128205128,0.9526627218934911,0.7960784313725491,,1.117037037037037,0.9252873563218389,1.0937357110196617,0.6360089186176142,0.8375634517766497,0.6396746095128429,1.2223966509680797,,,0.9589041095890413,1.728744939271255,1.1730769230769231,0.7508865248226952,0.9940828402366864,1.0833333333333335,,0.6000000000000001,1.1605198454513523,1.5354150799695354,1.0,,1.4666666666666668,0.7894679930795846,1.023529411764706,0.8481751824817518,1.0442349528643946,0.9814814814814814,1.3313868613138684,1.1837606837606838,1.2564102564102562,0.9052631578947368,1.2034188034188031,1.2564102564102564,1.0526315789473686,1.0236220472440947,2.710560625814863,,1.3067926225820963,0.9032258064516129,,0.8974358974358976,0.9931623931623932,,,1.1142857142857143,,1.0132340777502067,1.409910843873108,,,
Ulyanovsk Oblast,1.9463655610444601,2.019230769230769,1.1258741258741258,,,,,,1.1916666666666667,,,0.9871794871794872,1.3653846153846154,,1.4378378378378383,,1.0769230769230769,,1.0432692307692308,,1.2631578947368418,1.6153846153846154,,1.1698113207547172,,0.7628205128205128,0.8376068376068376,1.0,0.9153846153846154,1.7523809523809526,1.376068376068376,1.1985111662531016,,,,1.3626373626373627,,1.0076804915514594,0.7291666666666669,1.1194188518781005,1.035151515151515,0.9476190476190477,0.8135824475693757,1.565452091767881,,,1.0153846153846153,1.2692307692307692,1.5520361990950224,0.7992125984251969,0.9300699300699302,1.136752136752137,,,1.0639455782312925,1.7177419354838712,1.027972027972028,,1.2045454545454546,1.297682709447415,1.410617551462622,1.2747252747252749,0.9772079772079771,1.425339366515837,2.8556870479947403,1.6452991452991452,,1.2249999999999999,1.0095238095238095,1.1503496503496504,,0.8497512437810947,2.030985915492958,,1.5166666666666666,1.3668639053254437,,0.7455621301775147,1.2011834319526626,,,1.1118881118881119,,1.303076923076923,1.3435143288084466,,,
Chelyabinsk Oblast,1.029964221824687,0.8765652951699463,1.0,,,0.7692307692307692,0.9423076923076924,0.8615384615384616,0.8032311516155758,1.5584415584415583,,0.9857142857142858,0.7906976744186047,0.9940828402366864,1.4590570719602978,1.0,0.8912466843501328,,0.9324324324324325,,0.9574468085106383,1.186298076923077,0.7587412587412588,0.7030201342281879,1.062962962962963,0.6590909090909092,0.8953488372093024,0.8868778280542985,0.7628205128205128,1.029553264604811,1.05,1.3701015965166907,0.8095238095238096,,0.8214285714285714,0.8909090909090911,,0.8335429769392034,1.0419011882426514,1.1802575107296138,0.7869981325863679,0.6736551995669078,0.7135903510661211,1.1440429687499998,,,1.1894904458598725,2.1538461538461537,1.0666666666666667,0.6486940298507463,0.7,1.3047337278106508,1.032051282051282,1.076923076923077,1.2556962025316456,1.9005847953216377,0.6968325791855203,,1.8733153638814017,0.9395329441200999,1.3046511627906976,1.2352941176470589,1.052014652014652,0.9526627218934911,1.3232780291603823,1.3238419039524012,1.471794871794872,0.8229166666666665,0.9100758396533044,1.2435897435897436,0.7655502392344496,0.9107142857142859,1.1950672645739913,,0.9249379652605458,1.3716404077849857,1.174825174825175,1.0576923076923077,1.0524475524475525,,,0.7974056603773585,0.8076923076923076,1.0228310502283107,1.0486087450312325,,,
Zabaykalsky Krai,1.3525179856115108,0.9526627218934911,,,,1.3408748114630469,0.5384615384615384,,1.3426900584795323,,,1.3461538461538463,1.4,,1.1052631578947367,,0.8615384615384616,,1.0769230769230769,,0.9112426035502958,0.9545454545454546,,1.1085972850678734,,,,,,1.037037037037037,1.5384615384615385,1.4570135746606332,1.0204081632653061,,,,,0.9935897435897436,0.5923076923076923,1.2095875139353398,1.1796193497224425,1.096875,1.1079598506069095,0.8030431107354185,,,0.3069406163868705,2.2781065088757395,1.206153846153846,0.8949771689497718,,0.8256410256410256,,,1.3798076923076925,1.6317016317016317,1.6153846153846152,,1.1442307692307694,1.1956390066626288,1.0123076923076924,1.737762237762238,0.9308996088657104,,1.6043956043956042,1.5103189493433398,0.8698224852071006,0.8376068376068376,1.05,0.7692307692307692,0.9757575757575758,1.1538461538461537,1.9247135842880523,,1.0239596469104666,0.8862179487179487,,1.3216783216783214,1.2011834319526626,,,1.0598290598290598,,1.1038461538461537,1.2502814258911819,,,
Yaroslavl Oblast,0.9512820512820512,1.106837606837607,,,,,1.027972027972028,,1.1666666666666667,,,1.5692307692307692,1.1425891181988743,1.2307692307692308,1.2307692307692308,,1.278846153846154,,1.136752136752137,,0.9919028340080972,1.2186234817813764,,1.076923076923077,0.8846153846153846,1.2384615384615383,1.3076923076923077,1.174825174825175,,1.2082551594746718,1.717948717948718,1.3053613053613053,1.0769230769230769,,,1.4911242603550294,,1.1300353356890458,1.0836120401337792,1.0559245768159418,0.8081095041322315,1.3747072599531618,0.9502191609267377,1.2810281987339345,,,1.080357142857143,1.9294871794871795,1.0038610038610039,1.0294117647058825,,1.2564102564102566,,0.979020979020979,1.2179487179487178,1.7246376811594202,0.7918552036199095,,1.2884615384615385,1.4560185185185186,1.2209302325581395,1.716346153846154,1.0874604847207587,1.174825174825175,1.982636148382005,1.671641791044776,1.0452488687782804,1.2607879924953098,1.2307692307692308,1.757085020242915,0.8999999999999999,1.1266272189349111,1.557396449704142,,1.4226720647773279,1.6312217194570136,,0.9526627218934911,1.0452488687782804,,,1.217391304347826,,2.0326923076923076,1.7479289940828402,,,
Moscow,1.0080906148867312,1.0488721804511276,1.0074441687344913,0.5714285714285715,1.3,0.8502024291497975,0.828125,1.241379310344828,1.0978067575577948,1.4807692307692308,0.7832167832167832,1.2,0.6373702422145329,0.875,1.0232412060301508,0.9285714285714286,0.7115864527629233,0.7601809954751131,0.808446455505279,0.7593688362919132,0.5789473684210525,0.721830985915493,1.1666666666666667,0.9050388955077439,0.9544159544159544,0.984192439862543,1.3287671232876714,0.8095238095238093,1.0673076923076923,1.123512747875354,1.1631419939577041,1.5879043600562588,1.6495956873315365,1.1597633136094674,1.2753036437246963,1.1471456692913384,0.8811188811188811,0.44551306323362366,0.6665282392026578,0.5596721871265153,0.6228504601616921,0.6254729971281705,0.5297565341405205,0.9007109926123426,0.7538461538461539,0.8333333333333335,0.7943737335359675,1.2709539774459007,1.1896523315208438,0.48459474419957405,1.2026845637583896,0.9622573687994248,1.2461538461538462,0.9175191815856778,0.802945685501533,1.4664472481257997,0.6925292321870861,1.1785714285714286,1.0163763725861414,0.9443430799220272,0.9211077844311376,0.8697145976881661,0.7160492071393015,0.6857746478873238,0.8253342716396904,1.081786177506022,1.5880052151238593,0.8165429480381762,0.41505434782608697,0.8763513513513514,1.175889328063241,0.8544461003477397,0.9784471097483994,1.047008547008547,1.10875,0.8396103896103896,1.876923076923077,1.0551356158292573,1.1295454545454546,1.1730769230769231,,1.1898901808785534,1.1428571428571428,0.8366583541147131,0.6153647847383347,1.2653061224489797,,
Saint Petersburg,1.0952380952380953,1.1217948717948718,1.465811965811966,,,,0.7,0.8615384615384616,0.8935309973045822,1.2115384615384617,,1.5797933409873708,1.0141509433962264,1.042183622828784,0.8740740740740741,0.9846153846153846,0.9174757281553398,0.8500000000000001,0.813953488372093,1.0769230769230769,1.1260504201680672,1.6052409129332204,0.9819004524886876,1.1495024577388802,1.2307692307692308,1.088888888888889,0.9500000000000001,1.142857142857143,1.0060728744939271,1.1220095693779906,0.8123569794050343,0.7149429517850571,1.2307692307692308,0.588235294117647,1.532544378698225,0.7941520467836259,,1.6580461510508147,1.1428571428571428,0.9341292713050638,0.7643510335818028,0.9065517639364445,0.43935697380357475,1.225045673476167,0.7777777777777776,0.9300699300699302,0.4963080168776372,1.1132425742574257,0.9033149171270718,0.7568931560807486,1.0248138957816377,0.9222560975609757,0.676470588235294,1.1250000000000002,1.0014611666853994,0.7136752136752137,1.0666666666666669,,1.156592099000476,0.5536317567567569,1.4270412386192126,2.3615560640732265,1.3700458906967043,0.9995698924731184,1.0078193793807897,0.8816015089163238,1.5754985754985753,0.6976309954487104,0.8536853685368536,0.9402515723270438,0.9070422535211269,0.52024,0.6461855452240067,1.1902834008097165,0.9947961018071719,1.02111801242236,1.5,0.898989898989899,1.0011933174224346,1.2333333333333336,,0.9824044585987262,1.330316742081448,1.1119791666666667,0.9193438140806561,,,
Jewish Autonomous Oblast,0.8014311270125224,,,,,,,,0.7686274509803921,,,,,,,,,,,,,,,,,,,,,,,,,,,,,1.360323886639676,,0.9384615384615385,1.3619909502262442,0.989010989010989,0.9438596491228072,0.8974358974358975,,,1.4195804195804196,,0.6627218934911243,0.7990074441687344,,,,,1.1217948717948718,,,,0.8615384615384616,1.2186234817813764,0.841346153846154,,0.6153846153846154,,1.205128205128205,,,1.032051282051282,,,,1.6410256410256412,1.3076923076923077,,1.2384615384615383,,,,,,,1.027972027972028,,0.7692307692307692,1.0026525198938991,,,
Nenets Autonomous Okrug,0.8321678321678322,,,,,,,,,,,,,,,,,,,,,,,,,,,,,,,,,,,,,1.1237458193979935,,1.2653846153846153,0.6968325791855203,0.84375,0.7855555555555556,0.7427055702917773,,,,1.1846153846153846,,1.4911242603550294,,,,,,,,,,0.5815384615384614,1.0769230769230769,,0.8321678321678322,,,0.8811188811188811,,,,,,,,,,,,,,,,,,0.8615384615384616,1.0432692307692308,,,
Khanty-Mansi Autonomous Okrug - Yugra,1.4807692307692308,1.118343195266272,1.9923076923076923,,,,,1.353846153846154,1.1222222222222222,,,,0.9692307692307692,,1.669230769230769,,0.9526627218934911,,0.7342657342657342,,1.3846153846153844,0.8896321070234114,,1.048582995951417,,,0.9526627218934911,,,1.5020242914979756,1.0918114143920594,1.3102564102564103,0.841346153846154,,0.9526627218934911,0.9130434782608696,,1.1116883116883118,1.4429708222811672,0.9876644736842105,1.122222222222222,1.149155722326454,0.41142608359133126,1.301459942084942,1.3461538461538463,,1.359570661896243,1.4358974358974361,1.498960498960499,1.1310615989515074,1.027972027972028,1.1511936339522548,,1.5664335664335665,1.1860465116279069,1.6222879684418146,1.005128205128205,,1.215880893300248,1.1418906220635219,1.15625,1.4164989939637826,1.1235955056179776,0.9068825910931174,1.232905982905983,1.5203619909502262,1.5174825174825175,1.2635186595582635,1.2620192307692308,1.2661122661122661,1.2857142857142856,1.669024045261669,1.96481178396072,,0.9360308285163778,1.1590909090909092,,0.8511166253101736,0.7354596622889306,,,1.0005197505197505,,1.4151303242212332,1.2390852390852392,,,
Chukotka Autonomous Okrug,0.9526627218934911,,,,,,,,0.7307692307692308,,,,,,,,,,,,,,,,,,,,,,,0.9692307692307692,,,,,,,,1.2115384615384612,,,0.6911595866819747,1.0119047619047619,,,,,1.1217948717948718,0.9819004524886876,,,,,1.5076923076923077,,,,,1.0769230769230769,1.032051282051282,,0.7455621301775147,,0.7041420118343195,0.6627218934911243,,,,,,,,,,,,,,,,0.8974358974358972,,0.8076923076923076,1.5705128205128205,,,
Yamalo-Nenets Autonomous Okrug,0.9692307692307693,,1.3012820512820513,,,,0.9692307692307692,,0.872093023255814,,,,0.9919028340080972,,,,,,,,1.0230769230769232,,,1.1538461538461537,,,,,,1.1217948717948718,1.346153846153846,0.923076923076923,,,,,,0.8109360518999073,0.6037296037296037,1.1927945472249268,1.2685714285714285,0.9485294117647061,0.9104904129793508,1.024026351482271,,,0.7317073170731707,1.136752136752137,1.3951048951048952,1.1587301587301588,,0.8615384615384616,,,1.1825037707390649,2.2884615384615383,,,0.7307692307692308,1.2730475631238987,1.064102564102564,1.5854700854700856,1.0942928039702233,,1.7948717948717947,1.1748251748251748,,1.1819887429643527,1.041025641025641,0.6892307692307692,0.6923076923076923,1.2702702702702704,1.4942307692307693,,1.2759197324414717,1.1471571906354516,,1.005128205128205,1.2205128205128206,,,1.2716857610474632,,1.0769230769230769,1.028846153846154,,,
Republic of Crimea,1.0631399317406145,1.032051282051282,1.032967032967033,,,,0.8461538461538461,,1.4801271860095389,0.7368421052631579,,1.465811965811966,1.503978779840849,0.7307692307692308,1.106837606837607,,1.005128205128205,,1.0,,0.9961538461538462,1.3534303534303536,,1.2115384615384615,,1.0769230769230769,,,,0.9892665474060822,1.431034482758621,0.8821603927986907,,,,1.392857142857143,,1.1741071428571428,1.0566037735849056,1.1553153153153155,1.1450406504065043,0.8895673228760923,1.017117804450844,1.1849489795918369,1.3461538461538463,,1.6153846153846154,1.5303643724696354,1.9733333333333334,1.0541237113402062,0.9871794871794871,1.2788461538461537,,1.0769230769230769,1.2865255549819308,1.4586173320350533,0.9635627530364372,,1.4,1.015441176470588,1.1987577639751554,1.3110367892976589,1.410617551462622,,1.0829394069617533,2.147727272727273,,1.1877828054298643,1.1794871794871795,0.8559322033898304,0.9916666666666668,1.5601577909270217,1.081818181818182,,1.151808456444218,1.2788461538461537,0.8321678321678322,1.417004048582996,1.1237458193979935,0.7832167832167832,,1.3384615384615384,0.8461538461538461,2.3692307692307693,1.615916955017301,,,
Sevastopol,1.9855769230769231,,,,,,,,0.6470588235294117,1.1846153846153846,,,1.076923076923077,,1.1666666666666665,,,,,,0.9423076923076923,1.3461538461538463,,1.6153846153846152,,,0.9300699300699302,,1.2923076923076924,1.4471153846153846,1.0432692307692308,1.4583333333333335,0.8811188811188811,,,1.4538461538461536,,1.2755102040816328,1.2642140468227423,1.3873873873873876,1.1801896733403583,1.3333333333333335,0.797126347024832,1.3570019723865876,,,0.9130434782608696,0.8076923076923077,1.5303643724696354,1.3399014778325127,,1.471794871794872,,,1.1126760563380282,1.5451505016722409,,,1.1128205128205129,1.3053613053613053,1.1116625310173698,1.3578595317725752,1.3668639053254439,1.346153846153846,1.405982905982906,1.191142191142191,,1.5346153846153847,0.6555183946488294,2.1538461538461537,0.7692307692307692,1.1071428571428572,2.4230769230769234,,1.2347480106100797,1.6961538461538463,,1.1666666666666665,1.0301003344481605,,,1.323076923076923,,0.8974358974358975,1.3596153846153847,,,
