variant,label,n_before,n_after,closed_pct,new_pct,K_pct,closed_after_avg,new_after_avg,d_closed_pp,d_new_pp,d_K_pp
base,Auto rule (7m / 13m),7,13,59.13372076379149,10.786929790178146,-30.31401034414619,610.8461538461538,125946.53846153847,0.0,0.0,0.0
manual,Manual Excel rule (July only) (7m / 15m),7,15,341.8657734772362,8.14063262480862,-75.47707859908306,1696.1333333333334,122938.13333333333,282.7320527134447,-2.6462971653695266,-45.16306825493687
july_kept,July kept (2026 spikes only) (8m / 14m),8,14,-9.824891942812808,8.338576943769404,20.132216147602033,1162.357142857143,125964.85714285714,-68.9586127066043,-2.448352846408742,50.44622649174822
+region_00,Excluded region 00 re-added,7,13,59.13372076379149,10.786929790178146,-30.31401034414619,610.8461538461538,125946.53846153847,0.0,0.0,0.0
+region_90,Excluded region 90 re-added,7,13,59.09546013673943,10.626370105788618,-30.398345655648896,611.1538461538462,126282.84615384616,-0.03826062705205402,-0.1605596843895274,-0.08433531150270568
+region_93,Excluded region 93 re-added,7,13,59.400599400599404,10.919774922680347,-30.347271595371296,613.6923076923077,127183.30769230769,0.2668786368079168,0.13284513250220087,-0.03326125122510604
+region_94,Excluded region 94 re-added,7,13,59.47516025641024,10.79967329039373,-30.454992230917423,612.3846153846154,126651.30769230769,0.34143949261875406,0.012743500215584902,-0.14098188677123247
+region_95,Excluded region 95 re-added,7,13,59.25395780252498,10.617450344821467,-30.473060209187018,611.3076923076923,126139.92307692308,0.12023703873349234,-0.16947944535667858,-0.15904986504082785
after2025,After = 2025 only (7m / 11m),7,11,56.095002875799295,-2.685787104442905,-37.59877775030621,599.1818181818181,110630.27272727272,-3.038717887992192,-13.472716894621051,-7.284767406160022
