month,closed_small,closed_small_x_median,closed_micro,closed_micro_x_median,flagged_at_threshold
2024-05,391,0.7260909935004642,54230,0.9344522176655065,False
2024-06,505,0.9377901578458682,79679,1.3729710169900404,False
2024-07,7625,14.159702878365831,519724,8.955508839645725,True
2024-08,351,0.6518105849582173,42935,0.7398249302133232,False
2024-09,328,0.6090993500464252,40000,0.6892511286487232,False
2024-10,337,0.6258124419684308,44037,0.7588137988075956,False
2024-11,383,0.7112349117920148,50804,0.8754178584967433,False
2024-12,403,0.7483751160631383,48577,0.8370438019092257,False
2025-01,864,1.6044568245125348,81070,1.3969397249887996,False
2025-02,512,0.9507892293407614,66243,1.1414515628769342,False
2025-03,493,0.9155060352831941,60187,1.0370989419995176,False
2025-04,677,1.2571959145775302,65249,1.1243236723300134,False
2025-05,727,1.3500464252553388,67218,1.1582520591377468,False
2025-06,644,1.1959145775301765,55132,0.9499948306165351,False
2025-07,8343,15.493036211699165,514016,8.857152703587552,True
2025-08,598,1.1104921077065923,52754,0.9090188510183685,False
2025-09,536,0.9953574744661096,42053,0.7246269428266189,False
2025-10,541,1.0046425255338904,49980,0.8612192852465796,False
2025-11,553,1.0269266480965644,55881,0.9629010580004824,False
2025-12,493,0.9155060352831941,48451,0.8348726608539822,False
2026-01,900,1.6713091922005572,93101,1.6042492332081193,False
2026-02,5299,9.840297121634169,223222,3.846400385980632,True
2026-03,470,0.872794800371402,61473,1.0592583657855739,False
2026-04,12346,22.92664809656453,286068,4.929317296757073,True
